,new_time,account,NoofMessages,AccountType
0,2020-04-06 08,AlwaysSafePowerCompany,2,Official Account
1,2020-04-06 08,DerekNolan,1,Important Message
2,2020-04-06 08,ElwinJr,1,Important Message
3,2020-04-06 08,Mrs.Tillenbottom,2,Important Message
4,2020-04-06 14,AlwaysSafePowerCompany,5,Official Account
5,2020-04-06 14,AttentativeCCandy,1,Important Message
6,2020-04-06 14,BusyBreadGerard_Loque,1,Important Message
7,2020-04-06 14,CassieStones,1,Important Message
8,2020-04-06 14,DerekNolan,6,Important Message
9,2020-04-06 14,ElwinJR,1,Important Message
10,2020-04-06 14,FastBowlMoore,1,Important Message
11,2020-04-06 14,FastWBread98,1,Important Message
12,2020-04-06 14,FearsBenjaminMouse,1,Important Message
13,2020-04-06 14,FearsReynoldsLion,1,Important Message
14,2020-04-06 14,FleetRackhamCouch2005,1,Important Message
15,2020-04-06 14,FuriousCouchTabitha_Bell,1,Important Message
16,2020-04-06 14,JAttentativeDewitt,1,Important Message
17,2020-04-06 14,JonathanCat2005,1,Important Message
18,2020-04-06 14,Jose_UrbancicFish1982,1,Important Message
19,2020-04-06 14,LazyMLight,1,Important Message
20,2020-04-06 14,LorettaSmartRay,1,Important Message
21,2020-04-06 14,LovesJaimeCat,1,Important Message
22,2020-04-06 14,Mrs.Tillenbottom,4,Important Message
23,2020-04-06 14,ObnoxiousSCouch82,1,Important Message
24,2020-04-06 14,RacesMarvin_FordLion,1,Important Message
25,2020-04-06 14,TVHostBrad,1,Important Message
26,2020-04-06 14,TonyPeterson,1,Important Message
27,2020-04-06 14,Willie_Mclaughlin1969,1,Important Message
28,2020-04-06 15,AttentativeMcdonaldBanana,1,Important Message
29,2020-04-06 15,AttentativeWilsonHouse14,1,Important Message
30,2020-04-06 15,BlankCat2006,1,Important Message
31,2020-04-06 15,BusyAdamsIcecream79,1,Important Message
32,2020-04-06 15,BusyBIcecream39,1,Important Message
33,2020-04-06 15,CandidPlateMiles_Parrott,1,Important Message
34,2020-04-06 15,CandidSchultzCandy89,1,Important Message
35,2020-04-06 15,Crystal_SantosOctopus79,1,Important Message
36,2020-04-06 15,CuriousBananaHarper,1,Important Message
37,2020-04-06 15,DarkRCouch,1,Important Message
38,2020-04-06 15,DarkZadowPlate,1,Important Message
39,2020-04-06 15,Denise_DeenFish28,1,Important Message
40,2020-04-06 15,EAttentativeM,1,Important Message
41,2020-04-06 15,FuriousCBanana87,1,Important Message
42,2020-04-06 15,G2015Howland,1,Important Message
43,2020-04-06 15,George67Johnson,1,Important Message
44,2020-04-06 15,GuapoGrambleBanana1952,1,Important Message
45,2020-04-06 15,GuapoHamBanana1967,1,Important Message
46,2020-04-06 15,GuapoIcecreamJavier,1,Important Message
47,2020-04-06 15,GuapoRBowl,1,Important Message
48,2020-04-06 15,Juana_Zuniga22,1,Important Message
49,2020-04-06 15,JuliusOctopus56,1,Important Message
50,2020-04-06 15,Laura60Perkins,1,Important Message
51,2020-04-06 15,LawsonBird13,1,Important Message
52,2020-04-06 15,Lloyd_Warnke94,1,Important Message
53,2020-04-06 15,LovesMichaelFish,1,Important Message
54,2020-04-06 15,M34Rahmani,1,Important Message
55,2020-04-06 15,Moore1961,1,Important Message
56,2020-04-06 15,Mrs.Tillenbottom,1,Important Message
57,2020-04-06 15,ObnoxiousGCouch,1,Important Message
58,2020-04-06 15,RacesAmaroHorse,1,Important Message
59,2020-04-06 15,RacesJason_DicaprioMouse,1,Important Message
60,2020-04-06 15,RacesRohrBird,1,Important Message
61,2020-04-06 15,RadCurieous,1,Important Message
62,2020-04-06 15,RandyHorse2006,1,Important Message
63,2020-04-06 15,SmartMBread,1,Important Message
64,2020-04-06 15,Stancil6,1,Important Message
65,2020-04-06 15,TFuriousC,1,Important Message
66,2020-04-06 15,TallBowlHenry,1,Important Message
67,2020-04-06 15,WatchesSamantha_PickelCat,1,Important Message
68,2020-04-06 16,CandidTBowl,1,Important Message
69,2020-04-06 19,AFuriousGutierrez,1,Important Message
70,2020-04-06 19,AlwaysSafePowerCompany,2,Official Account
71,2020-04-06 19,AttentativeBBread,1,Important Message
72,2020-04-06 19,AttentativeDBread,1,Important Message
73,2020-04-06 19,AttentativeEBanana,1,Important Message
74,2020-04-06 19,AttentativeJenniferCandy,1,Important Message
75,2020-04-06 19,Betty2004,1,Important Message
76,2020-04-06 19,CWileyJackson,1,Important Message
77,2020-04-06 19,CandidBowlArmando,1,Important Message
78,2020-04-06 19,CandidCrouseLight99,1,Important Message
79,2020-04-06 19,CandidRalphBowl,1,Important Message
80,2020-04-06 19,CassieStones,1,Important Message
81,2020-04-06 19,ChemistryTeacherRichardNelson,1,Important Message
82,2020-04-06 19,CleverACandy,1,Important Message
83,2020-04-06 19,CuriousHouseJonathan,1,Important Message
84,2020-04-06 19,DarkNBanana,1,Important Message
85,2020-04-06 19,DarkSpenglerBowl5,1,Important Message
86,2020-04-06 19,DerekNolan,5,Important Message
87,2020-04-06 19,ElwinJr,1,Important Message
88,2020-04-06 19,FastThomasBanana,1,Important Message
89,2020-04-06 19,FastWBread98,1,Important Message
90,2020-04-06 19,FearsElizabeth_DemarcoFish,1,Important Message
91,2020-04-06 19,FearsLivermoreMouse,1,Important Message
92,2020-04-06 19,FuriousGeorgeLight,1,Important Message
93,2020-04-06 19,GuapoRenovaIcecream,1,Important Message
94,2020-04-06 19,Henderson2003,1,Important Message
95,2020-04-06 19,LazyHimesCouch,1,Important Message
96,2020-04-06 19,LazyPlateHarold_Allen,1,Important Message
97,2020-04-06 19,Mcknight33,1,Important Message
98,2020-04-06 19,Mrs.Tillenbottom,1,Important Message
99,2020-04-06 19,O1955Palmer,1,Important Message
100,2020-04-06 19,Perna2004,1,Important Message
101,2020-04-06 19,RacesMurachBear,1,Important Message
102,2020-04-06 19,RacesSpenglerBear,1,Important Message
103,2020-04-06 19,RunsTaylorMouse,1,Important Message
104,2020-04-06 19,ThomasMouse2007,1,Important Message
105,2020-04-06 19,TonyPeterson,1,Important Message
106,2020-04-06 19,WileyHouseWindsor,1,Important Message
107,2020-04-07 08,AObnoxiousWinebrenner,1,Important Message
108,2020-04-07 08,AlwaysSafePowerCompany,2,Official Account
109,2020-04-07 08,AttentativeCarCorrigan,1,Important Message
110,2020-04-07 08,BeverlySmartC,1,Important Message
111,2020-04-07 08,CaldwellLion1978,1,Important Message
112,2020-04-07 08,CassieStones,2,Important Message
113,2020-04-07 08,CleverBreadGary_Beckham,1,Important Message
114,2020-04-07 08,CleverPattiBread,1,Important Message
115,2020-04-07 08,DanielFish19,1,Important Message
116,2020-04-07 08,DarkBowlRinehart,1,Important Message
117,2020-04-07 08,DarkLivingstonCandy91,1,Important Message
118,2020-04-07 08,DarkQCouch81,1,Important Message
119,2020-04-07 08,DarkSCandy,1,Important Message
120,2020-04-07 08,DerekNolan,6,Important Message
121,2020-04-07 08,Elias_MercierLion1954,1,Important Message
122,2020-04-07 08,ElwinJr,2,Important Message
123,2020-04-07 08,FamousBananaLucille,1,Important Message
124,2020-04-07 08,FastBananaIsmael_Carkhuff,1,Important Message
125,2020-04-07 08,FastBowlMoore,1,Important Message
126,2020-04-07 08,FastCandyPatricia_Schilling,1,Important Message
127,2020-04-07 08,FastDBanana2004,1,Important Message
128,2020-04-07 08,FastLightWaddell,1,Important Message
129,2020-04-07 08,FastPlateJames_Perez,1,Important Message
130,2020-04-07 08,FleetEPlate,1,Important Message
131,2020-04-07 08,FuriousGHouse,1,Important Message
132,2020-04-07 08,FuriousLBread,1,Important Message
133,2020-04-07 08,FuriousLightMary_Bates,1,Important Message
134,2020-04-07 08,FuriousWCouch1974,1,Important Message
135,2020-04-07 08,GuapoEBowl1998,1,Important Message
136,2020-04-07 08,GuapoLHouse,1,Important Message
137,2020-04-07 08,GuapoLightCarmelita_Owens,1,Important Message
138,2020-04-07 08,GuapoUhligIcecream1981,1,Important Message
139,2020-04-07 08,H1981Newsom,1,Important Message
140,2020-04-07 08,HoldsBowmanHorse,1,Important Message
141,2020-04-07 08,HoldsLewisDog,1,Important Message
142,2020-04-07 08,HoldsLisa_AyalaHorse,1,Important Message
143,2020-04-07 08,HoldsThomas_MercerMouse,1,Important Message
144,2020-04-07 08,JoshuaBird60,1,Important Message
145,2020-04-07 08,KelleeDarkPitts,1,Important Message
146,2020-04-07 08,LovesJudy_DavesBird,1,Important Message
147,2020-04-07 08,Mrs.MommaNolan,1,Important Message
148,2020-04-07 08,Mrs.Tillenbottom,1,Important Message
149,2020-04-07 08,NadineGuapoG,1,Important Message
150,2020-04-07 08,ObnoxiousDelacruzPlate,1,Important Message
151,2020-04-07 08,ObnoxiousJohnsonPlate70,1,Important Message
152,2020-04-07 08,PAttentativeDoctor,1,Important Message
153,2020-04-07 08,PWileyTune,1,Important Message
154,2020-04-07 08,R1969Clark,1,Important Message
155,2020-04-07 08,RFamousH,1,Important Message
156,2020-04-07 08,RacesSpenglerBear,1,Important Message
157,2020-04-07 08,RunsKerry_CouchDog,1,Important Message
158,2020-04-07 08,RunsVinceBear,1,Important Message
159,2020-04-07 08,SmartAcostaBowl27,1,Important Message
160,2020-04-07 08,SmartPlateWoody,1,Important Message
161,2020-04-07 08,TVHostBrad,1,Important Message
162,2020-04-07 08,ToniDog43,1,Important Message
163,2020-04-07 08,Wallace1997,1,Important Message
164,2020-04-07 08,WatchesBurtWhale,1,Important Message
165,2020-04-07 08,WatchesDolly_ThomasDog,1,Important Message
166,2020-04-07 08,WatchesRussellHorse,1,Important Message
167,2020-04-07 08,WileyHouseWindsor,1,Important Message
168,2020-04-07 08,William1974F,1,Important Message
169,2020-04-07 09,CuriousOIcecream17,1,Important Message
170,2020-04-07 09,Jose2014,1,Important Message
171,2020-04-07 10,FearsStephanieDog,1,Important Message
172,2020-04-07 11,SFastThompson,1,Important Message
173,2020-04-07 12,AttentativeCandyRivera,1,Important Message
174,2020-04-07 12,BeverlySmartC,1,Important Message
175,2020-04-07 12,Bryan_Brown1993,1,Important Message
176,2020-04-07 12,BusyNHouse,1,Important Message
177,2020-04-07 12,BusyRichardCouch,1,Important Message
178,2020-04-07 12,CassieStones,1,Important Message
179,2020-04-07 12,ChapmanCat1995,1,Important Message
180,2020-04-07 12,ChemistryTeacherRichardNelson,2,Important Message
181,2020-04-07 12,ChloeJohnson,1,Important Message
182,2020-04-07 12,ClevelandObnoxiousCarter,1,Important Message
183,2020-04-07 12,CleverShannonCouch,1,Important Message
184,2020-04-07 12,CleverTomIcecream,1,Important Message
185,2020-04-07 12,Dantzler1986,1,Important Message
186,2020-04-07 12,DerekNolan,3,Important Message
187,2020-04-07 12,FamousFarquharBowl20,1,Important Message
188,2020-04-07 12,FleetTIcecream,1,Important Message
189,2020-04-07 12,GuapoKrellIcecream1988,1,Important Message
190,2020-04-07 12,GuapoMethenyBread,1,Important Message
191,2020-04-07 12,HoldsMichael_McclaughryLion,1,Important Message
192,2020-04-07 12,JAttentativeConcepcion,1,Important Message
193,2020-04-07 12,JFuriousSalmons,1,Important Message
194,2020-04-07 12,JoseFuriousC,1,Important Message
195,2020-04-07 12,KimberlyFleetWillis,1,Important Message
196,2020-04-07 12,LawsonBird13,1,Important Message
197,2020-04-07 12,LazyWCar99,1,Important Message
198,2020-04-07 12,LetaObnoxiousC,1,Important Message
199,2020-04-07 12,LovesAdamsCat,1,Important Message
200,2020-04-07 12,Mcknight33,1,Important Message
201,2020-04-07 12,ObnoxiousIcecreamGrimes,1,Important Message
202,2020-04-07 12,Peyser99,1,Important Message
203,2020-04-07 12,RacesFielderWhale,1,Important Message
204,2020-04-07 12,Regina51F,1,Important Message
205,2020-04-07 12,Rosemary_RauthWhale12,1,Important Message
206,2020-04-07 12,RunsHowardCat,1,Important Message
207,2020-04-07 12,RunsWitterBear,1,Important Message
208,2020-04-07 12,SmartJorgensenBowl48,1,Important Message
209,2020-04-07 12,TallCarolBread,1,Important Message
210,2020-04-07 12,TallDHouse,1,Important Message
211,2020-04-07 12,ThomasCat1955,1,Important Message
212,2020-04-07 12,VeryPopularSingerLalisaManoban,1,Important Message
213,2020-04-07 12,WileyBowlJimmy_Ortiz,1,Important Message
214,2020-04-07 12,WileyBreadScott,1,Important Message
215,2020-04-07 12,WileyCandyTina_Coble,1,Important Message
216,2020-04-07 12,WileyGPlate,1,Important Message
217,2020-04-07 12,WileyLaneHouse,1,Important Message
218,2020-04-07 13,AttentativeAllenPlate92,1,Important Message
219,2020-04-07 18,Albert1993H,1,Important Message
220,2020-04-07 18,AlwaysSafePowerCompany,1,Official Account
221,2020-04-07 18,Barbara2018Frank,1,Important Message
222,2020-04-07 18,BusyHPlate,1,Important Message
223,2020-04-07 18,BusyWCouch,1,Important Message
224,2020-04-07 18,CandidLightRicardo_Taylor,1,Important Message
225,2020-04-07 18,ChemistryTeacherRichardNelson,3,Important Message
226,2020-04-07 18,ChloeJohnson,2,Important Message
227,2020-04-07 18,CleverTIcecream,1,Important Message
228,2020-04-07 18,CuriousABread,1,Important Message
229,2020-04-07 18,DFuriousS,1,Important Message
230,2020-04-07 18,DarkLightFletcher_Stephens,1,Important Message
231,2020-04-07 18,DennisSmartW,1,Important Message
232,2020-04-07 18,DerekNolan,5,Important Message
233,2020-04-07 18,ElwinJr,1,Important Message
234,2020-04-07 18,FamousLightAnn_Sanchez,1,Important Message
235,2020-04-07 18,FamousWatsonIcecream,1,Important Message
236,2020-04-07 18,FastLightJanet_Jodway,1,Important Message
237,2020-04-07 18,FearsParkerHorse,1,Important Message
238,2020-04-07 18,GuapoACar,1,Important Message
239,2020-04-07 18,GuapoPlateLeighann_Lovato,1,Important Message
240,2020-04-07 18,JeremiahCuriousR,1,Important Message
241,2020-04-07 18,JoseWhale1980,1,Important Message
242,2020-04-07 18,KatherineDarkB,1,Important Message
243,2020-04-07 18,LFamousMason,1,Important Message
244,2020-04-07 18,LepardMouse28,1,Important Message
245,2020-04-07 18,Leslie_CruzDog87,1,Important Message
246,2020-04-07 18,LovesRichard_CiaburriMouse,1,Important Message
247,2020-04-07 18,LovesScottWhale,1,Important Message
248,2020-04-07 18,MAttentativeM,1,Important Message
249,2020-04-07 18,Millard12Salisbury,1,Important Message
250,2020-04-07 18,Mrs.Tillenbottom,2,Important Message
251,2020-04-07 18,ObnoxiousSHouse,1,Important Message
252,2020-04-07 18,ObnoxiousSpicePlate,1,Important Message
253,2020-04-07 18,Peggy_CoughlinBird52,1,Important Message
254,2020-04-07 18,Quintin_Machado2015,1,Important Message
255,2020-04-07 18,RObnoxiousMoe,1,Important Message
256,2020-04-07 18,RacesAnthony_ShellWhale,1,Important Message
257,2020-04-07 18,RacesJack_SayersLion,1,Important Message
258,2020-04-07 18,RacesKathleenBear,1,Important Message
259,2020-04-07 18,RunsDarleneCat,1,Important Message
260,2020-04-07 18,SmartJLight,1,Important Message
261,2020-04-07 18,SmartWBread,1,Important Message
262,2020-04-07 18,SteveWhale1998,1,Important Message
263,2020-04-07 18,TallCarYokley,1,Important Message
264,2020-04-07 18,TallLongBread,1,Important Message
265,2020-04-07 18,TallNBanana1970,1,Important Message
266,2020-04-07 18,TravisMouse83,1,Important Message
267,2020-04-07 18,VeryPopularSingerLalisaManoban,1,Important Message
268,2020-04-07 18,WatchesCristHorse,1,Important Message
269,2020-04-07 18,WileyMccombsLight,1,Important Message
270,2020-04-07 18,WileyMclaughlinBowl61,1,Important Message
271,2020-04-07 18,WileyRIcecream86,1,Important Message
272,2020-04-07 18,WileyTBanana95,1,Important Message
273,2020-04-07 18,WileyWadeBread,1,Important Message
274,2020-04-07 19,CandidDonnaBanana,1,Important Message
275,2020-04-07 19,CuriousHarmonPlate2005,1,Important Message
276,2020-04-07 19,DavidFastM,1,Important Message
277,2020-04-07 19,JObnoxiousL,1,Important Message
278,2020-04-08 07,AlwaysSafePowerCompany,1,Official Account
279,2020-04-08 07,AttentativeDavidCandy,1,Important Message
280,2020-04-08 07,Betty_BlackBird1969,1,Important Message
281,2020-04-08 07,BusyDuffyCar2,1,Important Message
282,2020-04-08 07,BusySimonBowl2004,1,Important Message
283,2020-04-08 07,C2007Lyford,1,Important Message
284,2020-04-08 07,CandidBlendenPlate,1,Important Message
285,2020-04-08 07,CandidLCouch,1,Important Message
286,2020-04-08 07,ChemistryTeacherRichardNelson,4,Important Message
287,2020-04-08 07,ChloeJohnson,2,Important Message
288,2020-04-08 07,CleverACandy,1,Important Message
289,2020-04-08 07,CleverScottIcecream,1,Important Message
290,2020-04-08 07,Craven1981,1,Important Message
291,2020-04-08 07,CuriousCHouse,1,Important Message
292,2020-04-08 07,D1972Knox,1,Important Message
293,2020-04-08 07,DarkSCandy,1,Important Message
294,2020-04-08 07,Deborah1955,1,Important Message
295,2020-04-08 07,DerekNolan,6,Important Message
296,2020-04-08 07,ECleverW,1,Important Message
297,2020-04-08 07,ElwinJr,1,Important Message
298,2020-04-08 07,Evelyn_DavisFish75,1,Important Message
299,2020-04-08 07,FamousKCandy,1,Important Message
300,2020-04-08 07,FastABanana,1,Important Message
301,2020-04-08 07,FastCarVictor,1,Important Message
302,2020-04-08 07,FastFIcecream,1,Important Message
303,2020-04-08 07,FinleyCat84,1,Important Message
304,2020-04-08 07,FloydHorse2016,1,Important Message
305,2020-04-08 07,FuriousHBowl,1,Important Message
306,2020-04-08 07,FuriousJCouch,1,Important Message
307,2020-04-08 07,FuriousKBowl,1,Important Message
308,2020-04-08 07,GSmartThompson,1,Important Message
309,2020-04-08 07,Gordon_Cherry1995,1,Important Message
310,2020-04-08 07,GuapoRobertoCouch,1,Important Message
311,2020-04-08 07,HelenaGuapoA,1,Important Message
312,2020-04-08 07,IssacMouse1995,1,Important Message
313,2020-04-08 07,JoyceLazyW,1,Important Message
314,2020-04-08 07,LazyHimesCouch,1,Important Message
315,2020-04-08 07,LazyReginaldBanana,1,Important Message
316,2020-04-08 07,LovesDanny_DavisFish,1,Important Message
317,2020-04-08 07,Marshall_Byrne97,1,Important Message
318,2020-04-08 07,Michael30G,1,Important Message
319,2020-04-08 07,Mrs.Tillenbottom,3,Important Message
320,2020-04-08 07,PaigeCleverB,1,Important Message
321,2020-04-08 07,RacesBowlandOctopus,1,Important Message
322,2020-04-08 07,RacesStella_WallHorse,1,Important Message
323,2020-04-08 07,Runner23,2,Important Message
324,2020-04-08 07,SmartHoyBowl,1,Important Message
325,2020-04-08 07,SmartMCandy,1,Important Message
326,2020-04-08 07,SunnyDay,1,Important Message
327,2020-04-08 07,TFuriousP,1,Important Message
328,2020-04-08 07,Terrence_ParkerOctopus1978,1,Important Message
329,2020-04-08 07,ThomasOctopus2,1,Important Message
330,2020-04-08 07,WatchesBrendaCat,1,Important Message
331,2020-04-08 07,WatchesJessicaBird,1,Important Message
332,2020-04-08 07,WileyPCandy6,1,Important Message
333,2020-04-08 07,WileyRCouch,1,Important Message
334,2020-04-08 07,YvonneFish1965,1,Important Message
335,2020-04-08 08,AlwaysSafePowerCompany,2,Official Account
336,2020-04-08 08,CassieStones,1,Important Message
337,2020-04-08 08,ChemistryTeacherRichardNelson,1,Important Message
338,2020-04-08 08,ChloeJohnson,2,Important Message
339,2020-04-08 08,DerekNolan,4,Important Message
340,2020-04-08 08,ElwinJr,1,Important Message
341,2020-04-08 08,FastThomasBanana,1,Important Message
342,2020-04-08 08,FuriousLightEric,1,Important Message
343,2020-04-08 08,GuapoEdmundoBowl,1,Important Message
344,2020-04-08 08,KRAKTV,1,Official Account
345,2020-04-08 08,LovesWilliamMouse,1,Important Message
346,2020-04-08 08,Mrs.Tillenbottom,6,Important Message
347,2020-04-08 08,ObnoxiousSheffieldCar1981,1,Important Message
348,2020-04-08 08,RacesSmithBird,1,Important Message
349,2020-04-08 08,SunnyDay,5,Important Message
350,2020-04-08 09,AlwaysSafePowerCompany,1,Official Account
351,2020-04-08 09,AttentativeBBread,1,Important Message
352,2020-04-08 09,AttentativeMcdonaldBanana,1,Important Message
353,2020-04-08 09,Bone2006,1,Important Message
354,2020-04-08 09,BusyRCandy,1,Important Message
355,2020-04-08 09,CandidFredLight,1,Important Message
356,2020-04-08 09,CandidIcecreamHeidi_Muir,1,Important Message
357,2020-04-08 09,CandidWLight2000,1,Important Message
358,2020-04-08 09,Charlotte1957,1,Important Message
359,2020-04-08 09,CleverBowlLarkin,1,Important Message
360,2020-04-08 09,CuriousJohnBanana,1,Important Message
361,2020-04-08 09,CuriousRCar,1,Important Message
362,2020-04-08 09,CuriousWBanana73,1,Important Message
363,2020-04-08 09,DOT-StHimark,5,Official Account
364,2020-04-08 09,DarkGrossiCandy,1,Important Message
365,2020-04-08 09,DarkHoltCandy,1,Important Message
366,2020-04-08 09,DarkMBowl,1,Important Message
367,2020-04-08 09,DerekNolan,4,Important Message
368,2020-04-08 09,ElwinJr,2,Important Message
369,2020-04-08 09,FleetHurdCouch55,1,Important Message
370,2020-04-08 09,FleetPlatePhilip_Wilson,1,Important Message
371,2020-04-08 09,Forrest_MooreOctopus36,1,Important Message
372,2020-04-08 09,HoldsJerry_PughBird,1,Important Message
373,2020-04-08 09,HoldsLeisaLion,1,Important Message
374,2020-04-08 09,JCleverMorrison,1,Important Message
375,2020-04-08 09,Joan1969G,1,Important Message
376,2020-04-08 09,Klepchick1960,1,Important Message
377,2020-04-08 09,LovesAnnDog,1,Important Message
378,2020-04-08 09,LovesScottWhale,1,Important Message
379,2020-04-08 09,MargaritaHorse7,1,Important Message
380,2020-04-08 09,Runner23,1,Important Message
381,2020-04-08 09,SObnoxiousWhite,1,Important Message
382,2020-04-08 09,SmartBBowl80,1,Important Message
383,2020-04-08 09,SunnyDay,1,Important Message
384,2020-04-08 09,TallRCar,1,Important Message
385,2020-04-08 09,ThomasFamousFrancisco,1,Important Message
386,2020-04-08 09,William31Z,1,Important Message
387,2020-04-08 09,William90,1,Important Message
388,2020-04-08 10,CBusyEskridge,1,Important Message
389,2020-04-08 10,CuriousShannonPlate,1,Important Message
390,2020-04-08 10,DOT-StHimark,6,Official Account
391,2020-04-08 10,DarkHouseWhite,1,Important Message
392,2020-04-08 10,FamousBreadEpps,1,Important Message
393,2020-04-08 10,FastCandyPatricia_Schilling,1,Important Message
394,2020-04-08 10,Helen_Mengel31,1,Important Message
395,2020-04-08 10,JAttentativeM,1,Important Message
396,2020-04-08 10,K2013Kozak,1,Important Message
397,2020-04-08 10,Paul1987Gray,1,Important Message
398,2020-04-08 10,WatchesLavette_KoshiolHorse,1,Important Message
399,2020-04-08 12,AlwaysSafePowerCompany,1,Official Account
400,2020-04-08 12,CassieStones,2,Important Message
401,2020-04-08 12,ChemistryTeacherRichardNelson,3,Important Message
402,2020-04-08 12,DerekNolan,4,Important Message
403,2020-04-08 12,ElwinJr,1,Important Message
404,2020-04-08 12,FearsRobertMouse,1,Important Message
405,2020-04-08 12,KnightLion1957,1,Important Message
406,2020-04-08 12,WileyCCar,1,Important Message
407,2020-04-08 13,AFuriousP,1,Important Message
408,2020-04-08 13,AlwaysSafePowerCompany,4,Official Account
409,2020-04-08 13,Armando_ReganHorse33,1,Important Message
410,2020-04-08 13,AttentativeBBanana38,1,Important Message
411,2020-04-08 13,BBusyObeso,1,Important Message
412,2020-04-08 13,BusyHCouch2001,1,Important Message
413,2020-04-08 13,CandidCouchSebastian,1,Important Message
414,2020-04-08 13,CandidSPlate,1,Important Message
415,2020-04-08 13,Cann1991,1,Important Message
416,2020-04-08 13,CassieStones,1,Important Message
417,2020-04-08 13,ChemistryTeacherRichardNelson,3,Important Message
418,2020-04-08 13,ChloeJohnson,6,Important Message
419,2020-04-08 13,CleverBruceLight,1,Important Message
420,2020-04-08 13,CleverIcecreamPatricia,1,Important Message
421,2020-04-08 13,CleverRIcecream,1,Important Message
422,2020-04-08 13,CollierHorse82,1,Important Message
423,2020-04-08 13,Crosby85,1,Important Message
424,2020-04-08 13,CuriousBrassCandy,1,Important Message
425,2020-04-08 13,CuriousSimsHouse2017,1,Important Message
426,2020-04-08 13,DOT-StHimark,11,Official Account
427,2020-04-08 13,DarkBananaJoann,1,Important Message
428,2020-04-08 13,DarkJelksIcecream,1,Important Message
429,2020-04-08 13,DavidCandidPeck,1,Important Message
430,2020-04-08 13,DerekNolan,14,Important Message
431,2020-04-08 13,Doris1976,1,Important Message
432,2020-04-08 13,Doris48D,1,Important Message
433,2020-04-08 13,ECleverF,1,Important Message
434,2020-04-08 13,ElwinJr,2,Important Message
435,2020-04-08 13,EricObnoxiousC,1,Important Message
436,2020-04-08 13,FamousCarStephen_Mccall,1,Important Message
437,2020-04-08 13,FamousJamesBanana36,1,Important Message
438,2020-04-08 13,FastGPlate79,1,Important Message
439,2020-04-08 13,Fisher70,1,Important Message
440,2020-04-08 13,Forrest_MooreOctopus36,1,Important Message
441,2020-04-08 13,FuriousCarBertha,1,Important Message
442,2020-04-08 13,FuriousLCouch,1,Important Message
443,2020-04-08 13,GuapoIcecreamCesar,1,Important Message
444,2020-04-08 13,GuapoReynoldsBanana,1,Important Message
445,2020-04-08 13,HoldsGuillermo_LawtonHorse,1,Important Message
446,2020-04-08 13,Huynh1972,1,Important Message
447,2020-04-08 13,James1957B,1,Important Message
448,2020-04-08 13,Jeanie14Adams,1,Important Message
449,2020-04-08 13,Jimmie59,1,Important Message
450,2020-04-08 13,Johnson2008,1,Important Message
451,2020-04-08 13,JoseWhale1980,1,Important Message
452,2020-04-08 13,Joseph4Wilson,1,Important Message
453,2020-04-08 13,KRAKTV,1,Official Account
454,2020-04-08 13,KelleeDarkPitts,1,Important Message
455,2020-04-08 13,LFuriousB,1,Important Message
456,2020-04-08 13,LazyCarFrank_Knight,1,Important Message
457,2020-04-08 13,LazyHCar,1,Important Message
458,2020-04-08 13,Lopez1953,1,Important Message
459,2020-04-08 13,LovesJulieWhale,1,Important Message
460,2020-04-08 13,Lucille_Veve2006,1,Important Message
461,2020-04-08 13,MariaFastH,1,Important Message
462,2020-04-08 13,Marion1952R,1,Important Message
463,2020-04-08 13,Martha_SuttonWhale1999,1,Important Message
464,2020-04-08 13,Mary5Taylor,1,Important Message
465,2020-04-08 13,Mrs.Tillenbottom,1,Important Message
466,2020-04-08 13,ObnoxiousBananaBurke,1,Important Message
467,2020-04-08 13,ObnoxiousDebraIcecream,1,Important Message
468,2020-04-08 13,PAttentativeJackson,1,Important Message
469,2020-04-08 13,Perna2004,1,Important Message
470,2020-04-08 13,RobertCandidC,1,Important Message
471,2020-04-08 13,Robert_HolmanDog37,1,Important Message
472,2020-04-08 13,Runner23,2,Important Message
473,2020-04-08 13,RunsMarilynCat,1,Important Message
474,2020-04-08 13,RunsRonnie_MapstonWhale,1,Important Message
475,2020-04-08 13,SmartEdithBread,1,Important Message
476,2020-04-08 13,SmartFBowl12,1,Important Message
477,2020-04-08 13,SmartJLight,1,Important Message
478,2020-04-08 13,SunnyDay,4,Important Message
479,2020-04-08 13,TVHostBrad,1,Important Message
480,2020-04-08 13,TallCCouch,1,Important Message
481,2020-04-08 13,TallDCouch,1,Important Message
482,2020-04-08 13,TallFoncecaCandy,1,Important Message
483,2020-04-08 13,TonyPeterson,1,Important Message
484,2020-04-08 13,WatchesCeaMouse,1,Important Message
485,2020-04-08 13,WatchesCynthiaWhale,1,Important Message
486,2020-04-08 13,WileyLightScottie_Garcia,1,Important Message
487,2020-04-08 13,Winifred2011,1,Important Message
488,2020-04-08 14,AdministratorSophie,3,Important Message
489,2020-04-08 14,AlwaysSafePowerCompany,6,Official Account
490,2020-04-08 14,Anderion,2,Important Message
491,2020-04-08 14,AttentativeBHouse,1,Important Message
492,2020-04-08 14,AttentativeCCandy,1,Important Message
493,2020-04-08 14,AttentativeCandyYolanda_Ragland,1,Important Message
494,2020-04-08 14,AttentativeGonzalesBread1994,1,Important Message
495,2020-04-08 14,BettyBird1978,1,Important Message
496,2020-04-08 14,Brinton1953,1,Important Message
497,2020-04-08 14,BusyCHouse,1,Important Message
498,2020-04-08 14,BusyFlemingPlate,1,Important Message
499,2020-04-08 14,BusyJBowl,1,Important Message
500,2020-04-08 14,BusyRuthCandy,1,Important Message
501,2020-04-08 14,CandidJanetBanana,1,Important Message
502,2020-04-08 14,CandidMolleurCouch,1,Important Message
503,2020-04-08 14,CandidStrunkCouch1987,1,Important Message
504,2020-04-08 14,Casillas1974,1,Important Message
505,2020-04-08 14,CassieStones,1,Important Message
506,2020-04-08 14,Chad_BarronMouse1962,1,Important Message
507,2020-04-08 14,CharlesCuriousJ,1,Important Message
508,2020-04-08 14,ChemistryTeacherRichardNelson,1,Important Message
509,2020-04-08 14,ChloeJohnson,2,Important Message
510,2020-04-08 14,CleverBBowl86,1,Important Message
511,2020-04-08 14,CleverBowlDavid_Petersen,1,Important Message
512,2020-04-08 14,CleverCandyElaine_Marte,1,Important Message
513,2020-04-08 14,CleverIcecreamPatricia_Tarango,1,Important Message
514,2020-04-08 14,CleverOhareIcecream2007,1,Important Message
515,2020-04-08 14,CleverPCar,1,Important Message
516,2020-04-08 14,CleverWBanana1990,1,Important Message
517,2020-04-08 14,Cummings26,1,Important Message
518,2020-04-08 14,CuriousWBanana73,1,Important Message
519,2020-04-08 14,DAttentativeAnderson,1,Important Message
520,2020-04-08 14,DFamousL,1,Important Message
521,2020-04-08 14,Daniel1971,1,Important Message
522,2020-04-08 14,DareYouToPetTheCat,2,Important Message
523,2020-04-08 14,DarkCarDarrell,1,Important Message
524,2020-04-08 14,DarkTBread82,1,Important Message
525,2020-04-08 14,DarkZadowPlate,1,Important Message
526,2020-04-08 14,DerekNolan,20,Important Message
527,2020-04-08 14,Diane_LoweBird38,1,Important Message
528,2020-04-08 14,Douglas1992B,1,Important Message
529,2020-04-08 14,Elaine81,1,Important Message
530,2020-04-08 14,ElwinJr,4,Important Message
531,2020-04-08 14,F1969Neal,1,Important Message
532,2020-04-08 14,FamousBreadEpps,1,Important Message
533,2020-04-08 14,FamousJLight,1,Important Message
534,2020-04-08 14,FastCandyJerry,1,Important Message
535,2020-04-08 14,FastOakleyBanana,1,Important Message
536,2020-04-08 14,FastPlateBetty_Adams,1,Important Message
537,2020-04-08 14,FastTPlate,1,Important Message
538,2020-04-08 14,FearsConleyMouse,1,Important Message
539,2020-04-08 14,FearsStephanieDog,1,Important Message
540,2020-04-08 14,FearsTheresa_HaleyMouse,1,Important Message
541,2020-04-08 14,FleetBergsmaIcecream,1,Important Message
542,2020-04-08 14,FleetJPlate,1,Important Message
543,2020-04-08 14,FleetRudloffHouse,1,Important Message
544,2020-04-08 14,FuriousJHouse,1,Important Message
545,2020-04-08 14,GuapoFergCouch,1,Important Message
546,2020-04-08 14,GuapoMeghanBanana,1,Important Message
547,2020-04-08 14,IfIOnlyHadATrain,1,Important Message
548,2020-04-08 14,JFuriousB,1,Important Message
549,2020-04-08 14,Janice1963,1,Important Message
550,2020-04-08 14,KRAKTV,1,Official Account
551,2020-04-08 14,Lachelle1954,1,Important Message
552,2020-04-08 14,LazyBBowl1988,1,Important Message
553,2020-04-08 14,LazyGCandy56,1,Important Message
554,2020-04-08 14,LazyRobinsonLight2011,1,Important Message
555,2020-04-08 14,Linda_Cannon80,1,Important Message
556,2020-04-08 14,MaryCandidK,1,Important Message
557,2020-04-08 14,Michele1984Grover,1,Important Message
558,2020-04-08 14,NadineGuapoG,1,Important Message
559,2020-04-08 14,Nora_GilbertBird2001,1,Important Message
560,2020-04-08 14,ObnoxiousBLight1983,1,Important Message
561,2020-04-08 14,ObnoxiousDianneCouch,1,Important Message
562,2020-04-08 14,ObnoxiousVBanana,1,Important Message
563,2020-04-08 14,OldTownGirl,7,Important Message
564,2020-04-08 14,Olive39G,1,Important Message
565,2020-04-08 14,PAttentativeLittle,1,Important Message
566,2020-04-08 14,PadillaLion1953,1,Important Message
567,2020-04-08 14,PamelaMouse2002,1,Important Message
568,2020-04-08 14,PaulWhale45,1,Important Message
569,2020-04-08 14,PhilipWileyParker,1,Important Message
570,2020-04-08 14,Phillip9N,1,Important Message
571,2020-04-08 14,PhillipsDog31,1,Important Message
572,2020-04-08 14,Plante81,1,Important Message
573,2020-04-08 14,R11Bustamente,1,Important Message
574,2020-04-08 14,R76Burrus,1,Important Message
575,2020-04-08 14,Rachel1980Mozingo,1,Important Message
576,2020-04-08 14,RayDog1978,1,Important Message
577,2020-04-08 14,RayOfRain,1,Important Message
578,2020-04-08 14,Richard_FergusonMouse1984,1,Important Message
579,2020-04-08 14,S1973Osborn,1,Important Message
580,2020-04-08 14,Shannon_Black1953,1,Important Message
581,2020-04-08 14,SmartCCouch58,1,Important Message
582,2020-04-08 14,SmartJBowl,1,Important Message
583,2020-04-08 14,SmartMCandy,1,Important Message
584,2020-04-08 14,SunnyDay,2,Important Message
585,2020-04-08 14,TObnoxiousLemle,1,Important Message
586,2020-04-08 14,TVHostBrad,1,Important Message
587,2020-04-08 14,TallToniHouse,1,Important Message
588,2020-04-08 14,Thomas1991,1,Important Message
589,2020-04-08 14,Timmons53,1,Important Message
590,2020-04-08 14,WileyCandyTina_Coble,1,Important Message
591,2020-04-08 14,WileyCarJaimes,1,Important Message
592,2020-04-08 14,WileyElliottPlate,1,Important Message
593,2020-04-08 14,WileyRCar,1,Important Message
594,2020-04-08 14,WileySharleneLight,1,Important Message
595,2020-04-08 15,Bernice96,1,Important Message
596,2020-04-08 15,BusyRamseyBread62,1,Important Message
597,2020-04-08 15,CCleverL,1,Important Message
598,2020-04-08 15,CandidCHouse,1,Important Message
599,2020-04-08 15,CleverGaryBanana,1,Important Message
600,2020-04-08 15,CuriousCPlate,1,Important Message
601,2020-04-08 15,CuriousSBread64,1,Important Message
602,2020-04-08 15,DerekNolan,1,Important Message
603,2020-04-08 15,Doris1976,1,Important Message
604,2020-04-08 15,ECleverEstrada,1,Important Message
605,2020-04-08 15,Eric52Bledsoe,1,Important Message
606,2020-04-08 15,FastBananaAvery_Smith,1,Important Message
607,2020-04-08 15,FastMaberyIcecream,1,Important Message
608,2020-04-08 15,FearsDanielMouse,1,Important Message
609,2020-04-08 15,FearsMaud_SettersBear,1,Important Message
610,2020-04-08 15,FleetHBowl,1,Important Message
611,2020-04-08 15,FleetTIcecream,1,Important Message
612,2020-04-08 15,FleetWilliamsCandy1967,1,Important Message
613,2020-04-08 15,FuriousCouchRobert_Kroll,1,Important Message
614,2020-04-08 15,FuriousWhatleyHouse,1,Important Message
615,2020-04-08 15,GuapoIssacsPlate2009,1,Important Message
616,2020-04-08 15,GuapoWCouch,1,Important Message
617,2020-04-08 15,Jackson49,1,Important Message
618,2020-04-08 15,Johnson2008,1,Important Message
619,2020-04-08 15,Lamison2012,1,Important Message
620,2020-04-08 15,LazyIvyIcecream,1,Important Message
621,2020-04-08 15,LockhartBear1968,1,Important Message
622,2020-04-08 15,Lopez1953,1,Important Message
623,2020-04-08 15,LovesCarolBear,1,Important Message
624,2020-04-08 15,LynchCat85,1,Important Message
625,2020-04-08 15,MariaFastH,1,Important Message
626,2020-04-08 15,R76Burrus,1,Important Message
627,2020-04-08 15,RacesWalterBear,1,Important Message
628,2020-04-08 15,TallHouseHirsh,1,Important Message
629,2020-04-08 15,Tonya1989Ross,1,Important Message
630,2020-04-08 16,AlwaysSafePowerCompany,1,Official Account
631,2020-04-08 16,AttentativeGonzalesBread1994,1,Important Message
632,2020-04-08 16,DarkRobertBowl,1,Important Message
633,2020-04-08 16,DerekNolan,4,Important Message
634,2020-04-08 16,FamousBananaJose,1,Important Message
635,2020-04-08 16,FastCandyJerry,1,Important Message
636,2020-04-08 16,RFleetMurphy,1,Important Message
637,2020-04-08 16,TVHostBrad,1,Important Message
638,2020-04-08 16,WileyBPlate,1,Important Message
639,2020-04-08 17,DerekNolan,4,Important Message
640,2020-04-08 17,Runner23,1,Important Message
641,2020-04-08 18,ChloeJohnson,1,Important Message
642,2020-04-08 18,CuriousMIcecream,1,Important Message
643,2020-04-08 18,DerekNolan,5,Important Message
644,2020-04-08 18,J77Mackey,1,Important Message
645,2020-04-08 18,LovesEstelleBird,1,Important Message
646,2020-04-08 18,OldTownGirl,2,Important Message
647,2020-04-08 18,RunsContosBird,1,Important Message
648,2020-04-08 18,SunnyDay,3,Important Message
649,2020-04-08 19,AlwaysSafePowerCompany,2,Official Account
650,2020-04-08 19,AttentativeBinderBread23,1,Important Message
651,2020-04-08 19,BusyBowlCarrie,1,Important Message
652,2020-04-08 19,ChloeJohnson,2,Important Message
653,2020-04-08 19,ChristineCandidSilva,1,Important Message
654,2020-04-08 19,Christopher_BogartBear26,1,Important Message
655,2020-04-08 19,CleverScottPlate1964,1,Important Message
656,2020-04-08 19,Cummings26,1,Important Message
657,2020-04-08 19,CuriousShannonPlate,1,Important Message
658,2020-04-08 19,DerekNolan,3,Important Message
659,2020-04-08 19,FuriousBowlVargas,1,Important Message
660,2020-04-08 19,HoldsBeebeLion,1,Important Message
661,2020-04-08 19,JoseBusyM,1,Important Message
662,2020-04-08 19,KRAKTV,1,Official Account
663,2020-04-08 19,LovesDavidDog,1,Important Message
664,2020-04-08 19,OldTownGirl,1,Important Message
665,2020-04-08 19,RacesCraigCat,1,Important Message
666,2020-04-08 19,RayOfRain,1,Important Message
667,2020-04-08 20,DarkHeatherLight,1,Important Message
668,2020-04-08 20,William74Buckner,1,Important Message
669,2020-04-08 23,AlwaysSafePowerCompany,1,Official Account
670,2020-04-08 23,AttentativeAPlate1991,1,Important Message
671,2020-04-08 23,BusyEHouse1971,1,Important Message
672,2020-04-08 23,CleverRIcecream,1,Important Message
673,2020-04-08 23,Danielle_Martinez3,1,Important Message
674,2020-04-08 23,DerekNolan,8,Important Message
675,2020-04-08 23,FrankieFish96,1,Important Message
676,2020-04-08 23,FuriousMarshPlate,1,Important Message
677,2020-04-08 23,G27Craycraft,1,Important Message
678,2020-04-08 23,ItsAContinent,1,Important Message
679,2020-04-08 23,LovesPhyllis_GunnDog,1,Important Message
680,2020-04-08 23,ObnoxiousBBowl,1,Important Message
681,2020-04-08 23,OldTownGirl,1,Important Message
682,2020-04-08 23,Runner23,1,Important Message
683,2020-04-08 23,SunnyDay,1,Important Message
684,2020-04-08 23,TonyPeterson,1,Important Message
685,2020-04-08 23,WatchesNathan_SheehanHorse,1,Important Message
686,2020-04-09 00,AlwaysSafePowerCompany,1,Official Account
687,2020-04-09 00,BusyMCandy,1,Important Message
688,2020-04-09 00,ChemistryTeacherRichardNelson,1,Important Message
689,2020-04-09 00,ChloeJohnson,1,Important Message
690,2020-04-09 00,DareYouToPetTheCat,1,Important Message
691,2020-04-09 00,DarkJohnsonBowl,1,Important Message
692,2020-04-09 00,DarkMadinaCouch,1,Important Message
693,2020-04-09 00,DerekNolan,4,Important Message
694,2020-04-09 00,FamousJLight,1,Important Message
695,2020-04-09 00,FleetHouseMark_Roberts,1,Important Message
696,2020-04-09 00,Francisco2013,1,Important Message
697,2020-04-09 00,GuapoMcneelyCandy,1,Important Message
698,2020-04-09 00,HerbertBusyM,1,Important Message
699,2020-04-09 00,JamesCandidMartin,1,Important Message
700,2020-04-09 00,LovesShavonne_HowardFish,1,Important Message
701,2020-04-09 00,RacesAnnabelle_DewittHorse,1,Important Message
702,2020-04-09 00,SunnyDay,4,Important Message
703,2020-04-09 00,TallNBanana1970,1,Important Message
704,2020-04-09 00,WatchesDebbie_JacksonLion,1,Important Message
705,2020-04-09 00,Whitehead1993,1,Important Message
706,2020-04-09 02,AlwaysSafePowerCompany,1,Official Account
707,2020-04-09 02,ChemistryTeacherRichardNelson,1,Important Message
708,2020-04-09 02,CleverNewtonBread1987,1,Important Message
709,2020-04-09 02,ClydeDarkS,1,Important Message
710,2020-04-09 02,DerekNolan,1,Important Message
711,2020-04-09 02,FamousDianeCouch,1,Important Message
712,2020-04-09 02,FleetMCandy2013,1,Important Message
713,2020-04-09 02,IfIOnlyHadATrain,2,Important Message
714,2020-04-09 02,OldTownGirl,1,Important Message
715,2020-04-09 02,RunsMargo_BiermannHorse,1,Important Message
716,2020-04-09 02,SmartBCouch,1,Important Message
717,2020-04-09 02,TallHouseBryan_Smith,1,Important Message
718,2020-04-09 03,BusyOCar,1,Important Message
719,2020-04-09 03,CandidCouchSebastian,1,Important Message
720,2020-04-09 03,Daryl_Orosz86,1,Important Message
721,2020-04-09 03,DerekNolan,1,Important Message
722,2020-04-09 03,FearsBrooksWhale,1,Important Message
723,2020-04-09 03,HoldsEugene_NogglerOctopus,1,Important Message
724,2020-04-09 03,Kenneth_WagnerBird39,1,Important Message
725,2020-04-09 03,LazyPBread55,1,Important Message
726,2020-04-09 03,PaulWhale1983,1,Important Message
727,2020-04-09 03,RobertWhale11,1,Important Message
728,2020-04-09 04,CleverACandy,1,Important Message
729,2020-04-09 04,DOT-StHimark,8,Official Account
730,2020-04-09 04,DerekNolan,2,Important Message
731,2020-04-09 04,FastBananaAvery_Smith,1,Important Message
732,2020-04-09 04,FastBreadJessica,1,Important Message
733,2020-04-09 04,FastLeslieCouch,1,Important Message
734,2020-04-09 04,FleetGlidewellCouch,1,Important Message
735,2020-04-09 04,FuriousCouchRobert_Kroll,1,Important Message
736,2020-04-09 04,HoldsBowmanHorse,1,Important Message
737,2020-04-09 04,HoldsJeromeMouse,1,Important Message
738,2020-04-09 04,JoliotKnows4,1,Important Message
739,2020-04-09 04,LovesGuglerOctopus,1,Important Message
740,2020-04-09 04,OldTownGirl,1,Important Message
741,2020-04-09 04,SmartBowlCharlene_Shaw,1,Important Message
742,2020-04-09 04,WileyPCandy6,1,Important Message
743,2020-04-09 05,DerekNolan,2,Important Message
744,2020-04-09 05,GuapoLewandowskiHouse1996,1,Important Message
745,2020-04-09 05,John_Cooper3,1,Important Message
746,2020-04-09 05,KRAKTV,1,Official Account
747,2020-04-09 05,OldTownGirl,1,Important Message
748,2020-04-09 06,DerekNolan,2,Important Message
749,2020-04-09 06,IfIOnlyHadATrain,1,Important Message
750,2020-04-09 08,AlwaysSafePowerCompany,2,Official Account
751,2020-04-09 08,CTallRiggs,1,Important Message
752,2020-04-09 08,ChloeJohnson,3,Important Message
753,2020-04-09 08,CleverCandyElaine_Marte,1,Important Message
754,2020-04-09 08,DarkJelksIcecream,1,Important Message
755,2020-04-09 08,DerekNolan,2,Important Message
756,2020-04-09 08,FamousWHouse,1,Important Message
757,2020-04-09 08,FuriousLightEric,1,Important Message
758,2020-04-09 08,GuapoBowlGibson,1,Important Message
759,2020-04-09 08,HoldsWilliamBear,1,Important Message
760,2020-04-09 08,ILazyBingham,1,Important Message
761,2020-04-09 08,KRAKTV,1,Official Account
762,2020-04-09 08,LazyIcecreamHunter,1,Important Message
763,2020-04-09 08,Melissa_Reece1991,1,Important Message
764,2020-04-09 08,Michael2002Conti,1,Important Message
765,2020-04-09 08,ObnoxiousJeffreyCouch,1,Important Message
766,2020-04-09 08,QuintonDog1966,1,Important Message
767,2020-04-09 08,Rebecca_RomigFish2015,1,Important Message
768,2020-04-09 08,SBusyJensen,1,Important Message
769,2020-04-09 08,SmartSBread25,1,Important Message
770,2020-04-09 08,SunnyDay,1,Important Message
771,2020-04-09 08,TallIcecreamStephen_Liberty,1,Important Message
772,2020-04-09 08,TallSCandy,1,Important Message
773,2020-04-09 08,WileyMonfordIcecream,1,Important Message
774,2020-04-09 08,Zachary79Jones,1,Important Message
775,2020-04-09 09,CuriousCaraHouse,1,Important Message
776,2020-04-09 09,FamousBowlPatricia,1,Important Message
777,2020-04-09 09,FleetMeekerBanana2009,1,Important Message
778,2020-04-09 09,FuriousLockhartBowl,1,Important Message
779,2020-04-09 09,GuapoLawLight1978,1,Important Message
780,2020-04-09 09,LazyIcecreamJoseph_Watkins,1,Important Message
781,2020-04-09 09,ThesaurusGasCompany,1,Official Account
782,2020-04-09 10,AlwaysSafePowerCompany,2,Official Account
783,2020-04-09 10,Brad_Swindler67,1,Important Message
784,2020-04-09 10,CandidRBanana,1,Important Message
785,2020-04-09 10,DarkMadinaCouch,1,Important Message
786,2020-04-09 10,Elaine_Thomas42,1,Important Message
787,2020-04-09 10,FastHerseyCouch,1,Important Message
788,2020-04-09 10,Gladys46,1,Important Message
789,2020-04-09 10,HoldsLeisaLion,1,Important Message
790,2020-04-09 10,LakeishaFuriousW,1,Important Message
791,2020-04-09 10,LovesJohn_BeltOctopus,1,Important Message
792,2020-04-09 10,Marie2018Shepherd,1,Important Message
793,2020-04-09 10,NeedAPlace,1,Important Message
794,2020-04-09 10,NotThirstyNEMore,1,Important Message
795,2020-04-09 10,Susan58W,1,Important Message
796,2020-04-09 10,TallWCouch,1,Important Message
797,2020-04-09 10,WileyCarJaimes,1,Important Message
798,2020-04-09 11,AlwaysSafePowerCompany,1,Official Account
799,2020-04-09 11,JObnoxiousM,1,Important Message
800,2020-04-09 12,AlwaysSafePowerCompany,2,Official Account
801,2020-04-09 12,C2011Murphy,1,Important Message
802,2020-04-09 12,ChloeJohnson,2,Important Message
803,2020-04-09 12,DarkPrattisPlate,1,Important Message
804,2020-04-09 12,Evelyn_DavisFish75,1,Important Message
805,2020-04-09 12,F1969Neal,1,Important Message
806,2020-04-09 12,FamousJosephCandy,1,Important Message
807,2020-04-09 12,FamousWBanana40,1,Important Message
808,2020-04-09 12,FuriousJLight,1,Important Message
809,2020-04-09 12,FuriousSLight,1,Important Message
810,2020-04-09 12,FuriousWhatleyHouse,1,Important Message
811,2020-04-09 12,HoldsDespainWhale,1,Important Message
812,2020-04-09 12,JamesLazySutter,1,Important Message
813,2020-04-09 12,KRAKTV,2,Official Account
814,2020-04-09 12,LazyBCouch,1,Important Message
815,2020-04-09 12,Mrs.Tillenbottom,2,Important Message
816,2020-04-09 12,OldTownGirl,2,Important Message
817,2020-04-09 12,RacesElizabethBird,1,Important Message
818,2020-04-09 12,RacesPamHorse,1,Important Message
819,2020-04-09 12,TVHostBrad,2,Important Message
820,2020-04-09 12,WileyLCandy,1,Important Message
821,2020-04-09 13,AttentativeCHouse,1,Important Message
822,2020-04-09 13,Carol_MorrisWhale2010,1,Important Message
823,2020-04-09 13,DarkPlateCynthia_Niemczyk,1,Important Message
824,2020-04-09 13,DonnaBear1979,1,Important Message
825,2020-04-09 13,EObnoxiousB,1,Important Message
826,2020-04-09 13,FamousWBowl1973,1,Important Message
827,2020-04-09 13,Hattie23Anderson,1,Important Message
828,2020-04-09 13,Herbert1953,1,Important Message
829,2020-04-09 13,HoldsKarrieCat,1,Important Message
830,2020-04-09 13,Jessica1963P,1,Important Message
831,2020-04-09 13,LovesCarolBear,1,Important Message
832,2020-04-09 13,NormanFish1994,1,Important Message
833,2020-04-09 13,ObnoxiousPlatePlummer,1,Important Message
834,2020-04-09 13,RFleetMurphy,1,Important Message
835,2020-04-09 13,RobinsonBear1980,1,Important Message
836,2020-04-09 13,SheltonBear1968,1,Important Message
837,2020-04-09 13,TallNBanana1970,1,Important Message
838,2020-04-09 13,TallSHouse,1,Important Message
839,2020-04-09 13,WileyRandallIcecream,1,Important Message
840,2020-04-09 15,DOT-StHimark,6,Official Account
841,2020-04-09 16,GuapoBBread,1,Important Message
842,2020-04-09 19,DOT-StHimark,19,Official Account
843,2020-04-09 20,DarkSIcecream,1,Important Message
844,2020-04-09 20,DerekNolan,1,Important Message
845,2020-04-09 20,Fernando42,1,Important Message
846,2020-04-09 20,GuapoLightConnie_Melby,1,Important Message
847,2020-04-09 20,Johnson2008,1,Important Message
848,2020-04-09 20,LazyKBanana,1,Important Message
849,2020-04-09 20,Mrs.Tillenbottom,1,Important Message
850,2020-04-09 20,Phone4Life,1,Important Message
851,2020-04-10 00,AguileraCat1971,1,Important Message
852,2020-04-10 00,AlmaAttentativeS,1,Important Message
853,2020-04-10 00,AlwaysSafePowerCompany,1,Official Account
854,2020-04-10 00,AlwaysUpToEat34,2,Important Message
855,2020-04-10 00,ArtistLalisaManoban,3,Important Message
856,2020-04-10 00,AttentativeHBowl,1,Important Message
857,2020-04-10 00,AttentativeHCar,1,Important Message
858,2020-04-10 00,AttentativeReynoldsBowl1966,1,Important Message
859,2020-04-10 00,BAttentativeR,1,Important Message
860,2020-04-10 00,BLazyJuarez,1,Important Message
861,2020-04-10 00,Benjamin48,1,Important Message
862,2020-04-10 00,Bernard32Gonzalez,1,Important Message
863,2020-04-10 00,Booper,1,Important Message
864,2020-04-10 00,Bopper,1,Important Message
865,2020-04-10 00,C1980Irvin,1,Important Message
866,2020-04-10 00,CarlFastY,1,Important Message
867,2020-04-10 00,Carlos_Gordon83,1,Important Message
868,2020-04-10 00,CeravoloWhale1992,1,Important Message
869,2020-04-10 00,CiloFlame,3,Important Message
870,2020-04-10 00,CleverBowlRichard_Miller,1,Important Message
871,2020-04-10 00,CleverCouchKathy,1,Important Message
872,2020-04-10 00,CleverGaryBanana,1,Important Message
873,2020-04-10 00,CleverIcecreamPatricia,1,Important Message
874,2020-04-10 00,CleverMBread,1,Important Message
875,2020-04-10 00,CleverOhareIcecream2007,1,Important Message
876,2020-04-10 00,CuriousRCouch,1,Important Message
877,2020-04-10 00,DFamousLamke,1,Important Message
878,2020-04-10 00,DanielObnoxiousBest,1,Important Message
879,2020-04-10 00,DarkCollettBanana61,1,Important Message
880,2020-04-10 00,DarkHowardBowl,1,Important Message
881,2020-04-10 00,Della_FarnsworthDog1964,1,Important Message
882,2020-04-10 00,DerekNolan,7,Important Message
883,2020-04-10 00,Dianne29Dalbec,1,Important Message
884,2020-04-10 00,DoNotWant,2,Important Message
885,2020-04-10 00,ECleverEstrada,1,Important Message
886,2020-04-10 00,EllaChang,5,Important Message
887,2020-04-10 00,EllaLion38,1,Important Message
888,2020-04-10 00,FamousBananaBlanks,1,Important Message
889,2020-04-10 00,FamousGibsonBowl82,1,Important Message
890,2020-04-10 00,FamousLightAnn_Sanchez,1,Important Message
891,2020-04-10 00,FamousMariaCar,1,Important Message
892,2020-04-10 00,FastACar87,1,Important Message
893,2020-04-10 00,FastBananaIsmael_Carkhuff,1,Important Message
894,2020-04-10 00,FastMCandy,1,Important Message
895,2020-04-10 00,FastRCouch,1,Important Message
896,2020-04-10 00,FastTPlate,1,Important Message
897,2020-04-10 00,FearsEarlBird,1,Important Message
898,2020-04-10 00,Ferguson97,1,Important Message
899,2020-04-10 00,FleetGBread,1,Important Message
900,2020-04-10 00,FleetMeghanBanana,1,Important Message
901,2020-04-10 00,FrancineHiggins,3,Important Message
902,2020-04-10 00,FuriousCPlate47,1,Important Message
903,2020-04-10 00,FuriousCarLuis_Duncan,1,Important Message
904,2020-04-10 00,GregoryBear2015,1,Important Message
905,2020-04-10 00,GuapoLCandy20,1,Important Message
906,2020-04-10 00,GuapoMPlate,1,Important Message
907,2020-04-10 00,GuapoSLight,1,Important Message
908,2020-04-10 00,HerbertBusyM,1,Important Message
909,2020-04-10 00,HoldsBowmanHorse,1,Important Message
910,2020-04-10 00,HoldsParsonFish,1,Important Message
911,2020-04-10 00,HoldsShirley_JacksonWhale,1,Important Message
912,2020-04-10 00,HurtsToPurr,1,Important Message
913,2020-04-10 00,Hutchinson16,1,Important Message
914,2020-04-10 00,IfIOnlyHadATrain,1,Important Message
915,2020-04-10 00,JFamousD,1,Important Message
916,2020-04-10 00,James_Martinez2012,1,Important Message
917,2020-04-10 00,Jessica_VillegasWhale2001,1,Important Message
918,2020-04-10 00,Julia_BurgerBear1974,1,Important Message
919,2020-04-10 00,KRAKTV,1,Official Account
920,2020-04-10 00,Lamison2012,1,Important Message
921,2020-04-10 00,Layne1985,1,Important Message
922,2020-04-10 00,LazyLongoriaBowl1951,1,Important Message
923,2020-04-10 00,LovesEileenBear,1,Important Message
924,2020-04-10 00,LovesMcclureBear,1,Important Message
925,2020-04-10 00,LovesTheresa_KeyserBear,1,Important Message
926,2020-04-10 00,MichaelHorse39,1,Important Message
927,2020-04-10 00,MilburnHorse1955,1,Important Message
928,2020-04-10 00,Millard12Salisbury,1,Important Message
929,2020-04-10 00,Mrs.Tillenbottom,2,Important Message
930,2020-04-10 00,Nicholas73J,1,Important Message
931,2020-04-10 00,NoFearCher,3,Important Message
932,2020-04-10 00,OldTownGirl,1,Important Message
933,2020-04-10 00,Osburn2009,1,Important Message
934,2020-04-10 00,PWileyHall,1,Important Message
935,2020-04-10 00,PartridgeOctopus1987,1,Important Message
936,2020-04-10 00,Peter79Woodruff,1,Important Message
937,2020-04-10 00,R93Bronn,1,Important Message
938,2020-04-10 00,RacesMichael_ReesBear,1,Important Message
939,2020-04-10 00,RacesPamHorse,1,Important Message
940,2020-04-10 00,Rescue12,1,Important Message
941,2020-04-10 00,Rescue14,1,Important Message
942,2020-04-10 00,RichardCandidD,1,Important Message
943,2020-04-10 00,Richard_FergusonMouse1984,1,Important Message
944,2020-04-10 00,RockyFlame,1,Important Message
945,2020-04-10 00,RoseWyatt,6,Important Message
946,2020-04-10 00,Runner23,1,Important Message
947,2020-04-10 00,RunningTree,2,Important Message
948,2020-04-10 00,RunsAnthony_TranBear,1,Important Message
949,2020-04-10 00,RunsRonald_AngelCat,1,Important Message
950,2020-04-10 00,RunsWarkentinCat,1,Important Message
951,2020-04-10 00,Rydberg89,1,Important Message
952,2020-04-10 00,Sarah_Cloutier20,1,Important Message
953,2020-04-10 00,Scott2010,1,Important Message
954,2020-04-10 00,SelmaLion50,1,Important Message
955,2020-04-10 00,SmartCarPhilip_Hargrave,1,Important Message
956,2020-04-10 00,SmartHouseWalter,1,Important Message
957,2020-04-10 00,SmartMyersHouse,1,Important Message
958,2020-04-10 00,SmartThomasHouse,1,Important Message
959,2020-04-10 00,SmartWCar15,1,Important Message
960,2020-04-10 00,SmithersDog34,1,Important Message
961,2020-04-10 00,SteveWhale1998,1,Important Message
962,2020-04-10 00,SusanDarkHoag,1,Important Message
963,2020-04-10 00,Susan_Silveri66,1,Important Message
964,2020-04-10 00,T2007Ball,1,Important Message
965,2020-04-10 00,TCandidG,1,Important Message
966,2020-04-10 00,TCuriousJ,1,Important Message
967,2020-04-10 00,TallPPlate,1,Important Message
968,2020-04-10 00,TollefsonCat77,1,Important Message
969,2020-04-10 00,VanessaCorwin,8,Important Message
970,2020-04-10 00,WalkerTree,1,Important Message
971,2020-04-10 00,WatchesEgglestonOctopus,1,Important Message
972,2020-04-10 00,WatchesKimberly_OdomLion,1,Important Message
973,2020-04-10 00,WatchesNathan_SheehanHorse,1,Important Message
974,2020-04-10 00,WileyDonaldPlate,1,Important Message
975,2020-04-10 00,WileyLightScottie_Garcia,1,Important Message
976,2020-04-10 00,WileySHouse,1,Important Message
977,2020-04-10 00,WileyTBanana95,1,Important Message
978,2020-04-10 00,WileyWootenBowl,1,Important Message
979,2020-04-10 00,Wilkins1976,1,Important Message
980,2020-04-10 00,kristen,1,Important Message
981,2020-04-10 00,kyle,2,Important Message
982,2020-04-10 01,Carl_RobinsonDog2002,1,Important Message
983,2020-04-10 01,JObnoxiousMarkert,1,Important Message
984,2020-04-10 01,James76G,1,Important Message
985,2020-04-10 01,JosephBusyJorgensen,1,Important Message
986,2020-04-10 01,ObnoxiousBCouch,1,Important Message
987,2020-04-10 01,TallIcecreamStewart,1,Important Message
988,2020-04-10 01,Villa1982,1,Important Message
989,2020-04-10 03,2NDammendment,1,Important Message
990,2020-04-10 03,AttentativeCandyAndrea,1,Important Message
991,2020-04-10 03,Barbara_ParsonsDog19,1,Important Message
992,2020-04-10 03,Ben_Garrison12,1,Important Message
993,2020-04-10 03,BrendaCuriousNave,1,Important Message
994,2020-04-10 03,BusyBreadCarmen_Wentworth,1,Important Message
995,2020-04-10 03,CandidIcecreamEnrique_Boggs,1,Important Message
996,2020-04-10 03,ChristineHorse3,1,Important Message
997,2020-04-10 03,CiloFlame,1,Important Message
998,2020-04-10 03,CuriousLBanana,1,Important Message
999,2020-04-10 03,CuriousSchramBowl,1,Important Message
1000,2020-04-10 03,CuriousVictorLight2004,1,Important Message
1001,2020-04-10 03,DAttentativeAnderson,1,Important Message
1002,2020-04-10 03,DarkCouchWebb,1,Important Message
1003,2020-04-10 03,DarkGrossiCandy,1,Important Message
1004,2020-04-10 03,DerekNolan,5,Important Message
1005,2020-04-10 03,DianeBird77,1,Important Message
1006,2020-04-10 03,DorothyCat51,1,Important Message
1007,2020-04-10 03,E18Rambert,1,Important Message
1008,2020-04-10 03,EllaChang,2,Important Message
1009,2020-04-10 03,FamousMistrotCouch82,1,Important Message
1010,2020-04-10 03,FamousPlateSadie,1,Important Message
1011,2020-04-10 03,FastFIcecream,1,Important Message
1012,2020-04-10 03,FastThomasBanana,1,Important Message
1013,2020-04-10 03,FearsLarryOctopus,1,Important Message
1014,2020-04-10 03,FearsZimmermanFish,1,Important Message
1015,2020-04-10 03,FleetPecoraBread2010,1,Important Message
1016,2020-04-10 03,FrancineHiggins,1,Important Message
1017,2020-04-10 03,GuapoBCouch,1,Important Message
1018,2020-04-10 03,HoldsCarolynFish,1,Important Message
1019,2020-04-10 03,JCandidM,1,Important Message
1020,2020-04-10 03,John_MillarBear88,1,Important Message
1021,2020-04-10 03,K1972Maynard,1,Important Message
1022,2020-04-10 03,LarryBird39,1,Important Message
1023,2020-04-10 03,MLazyCoppa,1,Important Message
1024,2020-04-10 03,NoFearCher,2,Important Message
1025,2020-04-10 03,ObnoxiousLightBunker,1,Important Message
1026,2020-04-10 03,PAttentativeLittle,1,Important Message
1027,2020-04-10 03,RacesJohn_MyrickOctopus,1,Important Message
1028,2020-04-10 03,RacesKathleenBear,1,Important Message
1029,2020-04-10 03,Rebecca23,1,Important Message
1030,2020-04-10 03,RobertCat51,1,Important Message
1031,2020-04-10 03,RockyFlame,1,Important Message
1032,2020-04-10 03,RoseWyatt,1,Important Message
1033,2020-04-10 03,SmartCCouch58,1,Important Message
1034,2020-04-10 03,SmartJLight,1,Important Message
1035,2020-04-10 03,SteinbeckDog94,1,Important Message
1036,2020-04-10 03,Timmons53,1,Important Message
1037,2020-04-10 03,VanessaCorwin,1,Important Message
1038,2020-04-10 03,WatchesKathleenCat,1,Important Message
1039,2020-04-10 03,WileyGreeneLight,1,Important Message
1040,2020-04-10 03,WileyHonakerPlate63,1,Important Message
1041,2020-04-10 03,WileyLightJason,1,Important Message
1042,2020-04-10 03,WileyOCar,1,Important Message
1043,2020-04-10 03,WileyWilkinsonIcecream,1,Important Message
1044,2020-04-10 03,kyle,1,Important Message
1045,2020-04-10 04,Antonio2011Stewart,1,Important Message
1046,2020-04-10 04,AttentativeCandyRivera,1,Important Message
1047,2020-04-10 04,AttentativeCarCorrigan,1,Important Message
1048,2020-04-10 04,AttentativeJBread,1,Important Message
1049,2020-04-10 04,BBGirl,1,Important Message
1050,2020-04-10 04,BurtonWhale84,1,Important Message
1051,2020-04-10 04,BusyBIcecream39,1,Important Message
1052,2020-04-10 04,BusyCarpenterCar52,1,Important Message
1053,2020-04-10 04,BusyMarshaBowl,1,Important Message
1054,2020-04-10 04,BusyPlateSailor,1,Important Message
1055,2020-04-10 04,CeravoloWhale1992,1,Important Message
1056,2020-04-10 04,ChapparelFD,1,Important Message
1057,2020-04-10 04,CleverBreadGary_Beckham,1,Important Message
1058,2020-04-10 04,CleverJamesCandy92,1,Important Message
1059,2020-04-10 04,CuriousSBread,1,Important Message
1060,2020-04-10 04,DarkSusanBread,1,Important Message
1061,2020-04-10 04,DerekNolan,5,Important Message
1062,2020-04-10 04,Duane_Maisel44,1,Important Message
1063,2020-04-10 04,Elizabeth75,1,Important Message
1064,2020-04-10 04,EllaChang,4,Important Message
1065,2020-04-10 04,Ernest_Nordenstrom29,1,Important Message
1066,2020-04-10 04,FamousBreadLeabow,1,Important Message
1067,2020-04-10 04,FamousDBanana,1,Important Message
1068,2020-04-10 04,FamousWBowl1973,1,Important Message
1069,2020-04-10 04,FastCandyLingberg,1,Important Message
1070,2020-04-10 04,FastDBanana2004,1,Important Message
1071,2020-04-10 04,FastSandersCouch,1,Important Message
1072,2020-04-10 04,FearsLackeyCat,1,Important Message
1073,2020-04-10 04,FireCpn,1,Important Message
1074,2020-04-10 04,FrancineHiggins,5,Important Message
1075,2020-04-10 04,FuriousBananaGuy_Fisher,1,Important Message
1076,2020-04-10 04,FuriousCarStaker,1,Important Message
1077,2020-04-10 04,FuriousMHouse,1,Important Message
1078,2020-04-10 04,GuapoCatrinaLight,1,Important Message
1079,2020-04-10 04,GuapoKatrinaBanana,1,Important Message
1080,2020-04-10 04,GuapoRBowl,1,Important Message
1081,2020-04-10 04,HCandidField,1,Important Message
1082,2020-04-10 04,HoldsCruceBear,1,Important Message
1083,2020-04-10 04,HoldsRuby_BrewerLion,1,Important Message
1084,2020-04-10 04,HurtsToPurr,1,Important Message
1085,2020-04-10 04,ICYou,1,Important Message
1086,2020-04-10 04,JAttentativeM,1,Important Message
1087,2020-04-10 04,James_CreekmurFish63,1,Important Message
1088,2020-04-10 04,Jason_Koehne1954,1,Important Message
1089,2020-04-10 04,Juan_ValdezBird78,1,Important Message
1090,2020-04-10 04,Julia_BurgerBear1974,1,Important Message
1091,2020-04-10 04,Keith_Chavez99,1,Important Message
1092,2020-04-10 04,KristaDarkVanner,1,Important Message
1093,2020-04-10 04,LazyNguyenIcecream,1,Important Message
1094,2020-04-10 04,LovesBrownHorse,1,Important Message
1095,2020-04-10 04,LovesLindaFish,1,Important Message
1096,2020-04-10 04,LovesWagnerFish,1,Important Message
1097,2020-04-10 04,Maria_Hanisch7,1,Important Message
1098,2020-04-10 04,Matthew22M,1,Important Message
1099,2020-04-10 04,Michael_Gary80,1,Important Message
1100,2020-04-10 04,Nicky77,1,Important Message
1101,2020-04-10 04,O1955Palmer,1,Important Message
1102,2020-04-10 04,ObnoxiousBernsteinCandy1988,1,Important Message
1103,2020-04-10 04,PWileyTune,1,Important Message
1104,2020-04-10 04,Paul1987Gray,1,Important Message
1105,2020-04-10 04,PaulFleetBurd,1,Important Message
1106,2020-04-10 04,Phyllis1957,1,Important Message
1107,2020-04-10 04,RacesJessOctopus,1,Important Message
1108,2020-04-10 04,RacesPamHorse,1,Important Message
1109,2020-04-10 04,RacesPertsovskyCat,1,Important Message
1110,2020-04-10 04,RayOfRain,1,Important Message
1111,2020-04-10 04,Richard14B,1,Important Message
1112,2020-04-10 04,Robert_Miller33,1,Important Message
1113,2020-04-10 04,RunsKeithleyFish,1,Important Message
1114,2020-04-10 04,RunsLamonicaWhale,1,Important Message
1115,2020-04-10 04,Scott2010,1,Important Message
1116,2020-04-10 04,SmartBreadErin_Cable,1,Important Message
1117,2020-04-10 04,Stacey_MitchellWhale31,1,Important Message
1118,2020-04-10 04,SunnyDay,1,Important Message
1119,2020-04-10 04,TallSouthwardCandy30,1,Important Message
1120,2020-04-10 04,VanessaCorwin,4,Important Message
1121,2020-04-10 04,VirginiaGuapoR,1,Important Message
1122,2020-04-10 04,WalkerTree,2,Important Message
1123,2020-04-10 04,WatchesOlgaBear,1,Important Message
1124,2020-04-10 04,WatchesTimothy_LangfordWhale,1,Important Message
1125,2020-04-10 04,Westie,1,Important Message
1126,2020-04-10 04,WhatNowHow,1,Important Message
1127,2020-04-10 04,Wilbur1994B,1,Important Message
1128,2020-04-10 04,WileyCarMilan,1,Important Message
1129,2020-04-10 04,WileyLLight,1,Important Message
1130,2020-04-10 04,WilliamCleverKrohn,1,Important Message
1131,2020-04-10 04,firefighter87,1,Important Message
1132,2020-04-10 04,kristen,1,Important Message
1133,2020-04-10 04,kyle,3,Important Message
1134,2020-04-10 05,AlwaysSafePowerCompany,1,Official Account
1135,2020-04-10 05,Amanda1954R,1,Important Message
1136,2020-04-10 05,AttentativeHHouse29,1,Important Message
1137,2020-04-10 05,AttentativeJacksonCar,1,Important Message
1138,2020-04-10 05,AttentativeRobertBanana,1,Important Message
1139,2020-04-10 05,BessOctopus2011,1,Important Message
1140,2020-04-10 05,Betty2004,1,Important Message
1141,2020-04-10 05,BlankCat2006,1,Important Message
1142,2020-04-10 05,C73Chappell,1,Important Message
1143,2020-04-10 05,CObnoxiousTroyer,1,Important Message
1144,2020-04-10 05,CandidDCar,1,Important Message
1145,2020-04-10 05,CandidHBanana,1,Important Message
1146,2020-04-10 05,CandidRalphBowl,1,Important Message
1147,2020-04-10 05,CandidWCouch,1,Important Message
1148,2020-04-10 05,CiloFlame,2,Important Message
1149,2020-04-10 05,CleverCBanana,1,Important Message
1150,2020-04-10 05,CleverMBread,1,Important Message
1151,2020-04-10 05,CuriousFLight2010,1,Important Message
1152,2020-04-10 05,CuriousIngramBowl,1,Important Message
1153,2020-04-10 05,CuriousLightJanice_Walling,1,Important Message
1154,2020-04-10 05,CuriousPlateJohn_Paine,1,Important Message
1155,2020-04-10 05,DarkCHouse41,1,Important Message
1156,2020-04-10 05,Della_FarnsworthDog1964,1,Important Message
1157,2020-04-10 05,DerekNolan,4,Important Message
1158,2020-04-10 05,DonnaBear1979,1,Important Message
1159,2020-04-10 05,ECleverEstrada,1,Important Message
1160,2020-04-10 05,EllaChang,1,Important Message
1161,2020-04-10 05,FamousCCar,1,Important Message
1162,2020-04-10 05,FamousFHouse1959,1,Important Message
1163,2020-04-10 05,FamousIcecreamEskola,1,Important Message
1164,2020-04-10 05,FamousMIcecream,1,Important Message
1165,2020-04-10 05,FamousThomasIcecream,1,Important Message
1166,2020-04-10 05,FamousWBowl1973,1,Important Message
1167,2020-04-10 05,FastCandyJerry,1,Important Message
1168,2020-04-10 05,FastDBanana2004,1,Important Message
1169,2020-04-10 05,FearsDanielMouse,1,Important Message
1170,2020-04-10 05,FearsKenneth_RiveraCat,1,Important Message
1171,2020-04-10 05,FireCpn,1,Important Message
1172,2020-04-10 05,FleetCIcecream25,1,Important Message
1173,2020-04-10 05,FleetGibsonCar1970,1,Important Message
1174,2020-04-10 05,FrancineHiggins,2,Important Message
1175,2020-04-10 05,FrankFish89,1,Important Message
1176,2020-04-10 05,FuriousBarbaraBanana,1,Important Message
1177,2020-04-10 05,FuriousJohnsonCouch,1,Important Message
1178,2020-04-10 05,FuriousMihalyBread2002,1,Important Message
1179,2020-04-10 05,FuriousTIcecream84,1,Important Message
1180,2020-04-10 05,GuapoCatrinaLight,1,Important Message
1181,2020-04-10 05,GuapoJBowl,1,Important Message
1182,2020-04-10 05,GuapoVBread11,1,Important Message
1183,2020-04-10 05,HFamousHutcherson,1,Important Message
1184,2020-04-10 05,HoldsFlynnHorse,1,Important Message
1185,2020-04-10 05,HoldsParsonFish,1,Important Message
1186,2020-04-10 05,HoldsStuartLion,1,Important Message
1187,2020-04-10 05,HughBusyHowell,1,Important Message
1188,2020-04-10 05,IreneLazyW,1,Important Message
1189,2020-04-10 05,JAttentativeH,1,Important Message
1190,2020-04-10 05,James76G,1,Important Message
1191,2020-04-10 05,JamesCandidMartin,1,Important Message
1192,2020-04-10 05,JohnAttentativeB,1,Important Message
1193,2020-04-10 05,John_Allison89,1,Important Message
1194,2020-04-10 05,KingDog1974,1,Important Message
1195,2020-04-10 05,LazyMPlate81,1,Important Message
1196,2020-04-10 05,LazyWesleyBread,1,Important Message
1197,2020-04-10 05,Linda70W,1,Important Message
1198,2020-04-10 05,LovesDavidDog,1,Important Message
1199,2020-04-10 05,LovesEugeneMouse,1,Important Message
1200,2020-04-10 05,LovesMcclureBear,1,Important Message
1201,2020-04-10 05,Mary1952J,1,Important Message
1202,2020-04-10 05,MilburnHorse1955,1,Important Message
1203,2020-04-10 05,Mommy2Four,1,Important Message
1204,2020-04-10 05,Morgan69,1,Important Message
1205,2020-04-10 05,Myrtle71W,1,Important Message
1206,2020-04-10 05,Nathaniel_KalmanOctopus82,1,Important Message
1207,2020-04-10 05,Newman2005,1,Important Message
1208,2020-04-10 05,NoFearCher,3,Important Message
1209,2020-04-10 05,ObnoxiousArthurCar,1,Important Message
1210,2020-04-10 05,ObnoxiousWhitsonBread14,1,Important Message
1211,2020-04-10 05,Philip82,1,Important Message
1212,2020-04-10 05,Plante81,1,Important Message
1213,2020-04-10 05,RacesNicholas_DrakeCat,1,Important Message
1214,2020-04-10 05,RacesWalterBear,1,Important Message
1215,2020-04-10 05,RichardFamousVogel,1,Important Message
1216,2020-04-10 05,Richard_FergusonMouse1984,1,Important Message
1217,2020-04-10 05,RunsAnthony_TranBear,1,Important Message
1218,2020-04-10 05,RunsMarilynCat,1,Important Message
1219,2020-04-10 05,SAttentativeSmithey,1,Important Message
1220,2020-04-10 05,SCuriousM,1,Important Message
1221,2020-04-10 05,Scoles2019,1,Important Message
1222,2020-04-10 05,SmartBBowl80,1,Important Message
1223,2020-04-10 05,SmartCandyCrutchfield,1,Important Message
1224,2020-04-10 05,SmartFCar,1,Important Message
1225,2020-04-10 05,SmartJHouse1985,1,Important Message
1226,2020-04-10 05,SmartRussottiHouse69,1,Important Message
1227,2020-04-10 05,Stacey_MitchellWhale31,1,Important Message
1228,2020-04-10 05,TallBananaRobert,1,Important Message
1229,2020-04-10 05,TallHCar29,1,Important Message
1230,2020-04-10 05,TallMCouch,1,Important Message
1231,2020-04-10 05,TallSIcecream19,1,Important Message
1232,2020-04-10 05,ThomasFamousKramer,1,Important Message
1233,2020-04-10 05,VanessaCorwin,1,Important Message
1234,2020-04-10 05,WatchesCristHorse,2,Important Message
1235,2020-04-10 05,WatchesPetersonFish,1,Important Message
1236,2020-04-10 05,WileyRathjeHouse,1,Important Message
1237,2020-04-10 05,WileySusanLight,1,Important Message
1238,2020-04-10 05,firefighter87,1,Important Message
1239,2020-04-10 05,kyle,2,Important Message
1240,2020-04-10 06,AttentativeDavidBread,1,Important Message
1241,2020-04-10 06,CaldwellLion1958,1,Important Message
1242,2020-04-10 06,CandidDCar,1,Important Message
1243,2020-04-10 06,DavidFish1954,1,Important Message
1244,2020-04-10 06,Edith76P,1,Important Message
1245,2020-04-10 06,FastTBanana,1,Important Message
1246,2020-04-10 06,FuriousTLight,1,Important Message
1247,2020-04-10 06,Janice_Ross65,1,Important Message
1248,2020-04-10 06,Sarah_Cloutier20,1,Important Message
1249,2020-04-10 07,A1963Norris,1,Important Message
1250,2020-04-10 07,AlmaAttentativeS,1,Important Message
1251,2020-04-10 07,Alvin1988,2,Important Message
1252,2020-04-10 07,AlwaysSafePowerCompany,1,Official Account
1253,2020-04-10 07,Amanda1954R,1,Important Message
1254,2020-04-10 07,Angela74Mederios,1,Important Message
1255,2020-04-10 07,AttentativeCCandy,1,Important Message
1256,2020-04-10 07,AttentativeFCar,1,Important Message
1257,2020-04-10 07,AttentativeIcecreamMcdonald,1,Important Message
1258,2020-04-10 07,AttentativeIcecreamMichelle,1,Important Message
1259,2020-04-10 07,AttentativeMcdonaldBanana,1,Important Message
1260,2020-04-10 07,AttentativePHouse,1,Important Message
1261,2020-04-10 07,AttentativeSmithBowl23,1,Important Message
1262,2020-04-10 07,AudetMouse35,1,Important Message
1263,2020-04-10 07,B68Duckett,1,Important Message
1264,2020-04-10 07,BBGirl,1,Important Message
1265,2020-04-10 07,Barbara50,1,Important Message
1266,2020-04-10 07,Bernard32Gonzalez,1,Important Message
1267,2020-04-10 07,BoringJoe,1,Important Message
1268,2020-04-10 07,Bradford1961,1,Important Message
1269,2020-04-10 07,BrendaFamousC,1,Important Message
1270,2020-04-10 07,Brett77Duggan,1,Important Message
1271,2020-04-10 07,BusyGBowl59,1,Important Message
1272,2020-04-10 07,BusyOrtegaIcecream,1,Important Message
1273,2020-04-10 07,BusyRuthCandy,1,Important Message
1274,2020-04-10 07,CTallRiggs,1,Important Message
1275,2020-04-10 07,CandidCHouse,1,Important Message
1276,2020-04-10 07,CandidLindaBread,1,Important Message
1277,2020-04-10 07,CandidTLight,1,Important Message
1278,2020-04-10 07,CandidVillarrealIcecream,1,Important Message
1279,2020-04-10 07,CaroleWileyObrien,1,Important Message
1280,2020-04-10 07,CarolynCuriousBarker,1,Important Message
1281,2020-04-10 07,CiloFlame,4,Important Message
1282,2020-04-10 07,CityEvents,1,Important Message
1283,2020-04-10 07,CleverOliverHouse50,1,Important Message
1284,2020-04-10 07,CleverPlateVincent,1,Important Message
1285,2020-04-10 07,CleverScottIcecream,1,Important Message
1286,2020-04-10 07,ConnieOctopus66,1,Important Message
1287,2020-04-10 07,Crosby85,1,Important Message
1288,2020-04-10 07,CuriousCandyFrancis_Rose,1,Important Message
1289,2020-04-10 07,CuriousCandyMary_Perla,1,Important Message
1290,2020-04-10 07,CuriousCarCarrie_Sanders,1,Important Message
1291,2020-04-10 07,CuriousCrumHouse13,1,Important Message
1292,2020-04-10 07,CuriousDHouse29,1,Important Message
1293,2020-04-10 07,CuriousIngramBowl,1,Important Message
1294,2020-04-10 07,CuriousLightJanice_Walling,1,Important Message
1295,2020-04-10 07,CuriousLightTina_Marlow,1,Important Message
1296,2020-04-10 07,CuriousMIcecream,1,Important Message
1297,2020-04-10 07,CuriousThomasBowl,1,Important Message
1298,2020-04-10 07,CuriousWBanana73,1,Important Message
1299,2020-04-10 07,DareYouToPetTheCat,1,Important Message
1300,2020-04-10 07,DarkCHouse44,1,Important Message
1301,2020-04-10 07,DarkHIcecream,1,Important Message
1302,2020-04-10 07,DarkRobertBowl,1,Important Message
1303,2020-04-10 07,DerekLazyVerstraete,1,Important Message
1304,2020-04-10 07,DerekNolan,12,Important Message
1305,2020-04-10 07,DickinsonMouse32,1,Important Message
1306,2020-04-10 07,Donald1975Stark,1,Important Message
1307,2020-04-10 07,EllaChang,1,Important Message
1308,2020-04-10 07,EmielRegis,2,Important Message
1309,2020-04-10 07,FamousGibsonBowl82,1,Important Message
1310,2020-04-10 07,FamousMIcecream1973,1,Important Message
1311,2020-04-10 07,FamousMerrittCar28,1,Important Message
1312,2020-04-10 07,FamousRobertBowl,1,Important Message
1313,2020-04-10 07,FamousSBowl,1,Important Message
1314,2020-04-10 07,FastBreadMary_Pacheco,1,Important Message
1315,2020-04-10 07,FastLightFe,1,Important Message
1316,2020-04-10 07,FastMichaelCar,1,Important Message
1317,2020-04-10 07,FearsMorganLion,1,Important Message
1318,2020-04-10 07,FearsRichard_BarnesOctopus,2,Important Message
1319,2020-04-10 07,Ferguson97,1,Important Message
1320,2020-04-10 07,Fernando42,1,Important Message
1321,2020-04-10 07,FigueroaOctopus1959,1,Important Message
1322,2020-04-10 07,FireCpn,1,Important Message
1323,2020-04-10 07,FleetJCandy,1,Important Message
1324,2020-04-10 07,FleetMeekerBanana2009,1,Important Message
1325,2020-04-10 07,FleetMildensteinHouse,1,Important Message
1326,2020-04-10 07,FloydHorse2016,1,Important Message
1327,2020-04-10 07,Forrest_MooreOctopus36,1,Important Message
1328,2020-04-10 07,FrancineHiggins,5,Important Message
1329,2020-04-10 07,Francisco1981Waggoner,1,Important Message
1330,2020-04-10 07,Frank1992,1,Important Message
1331,2020-04-10 07,FraserHorse70,1,Important Message
1332,2020-04-10 07,FuriousBowlElena_Birch,1,Important Message
1333,2020-04-10 07,FuriousCouchRobert_Kroll,1,Important Message
1334,2020-04-10 07,FuriousFCar10,1,Important Message
1335,2020-04-10 07,FuriousGordonBanana,1,Important Message
1336,2020-04-10 07,FuriousSLight,1,Important Message
1337,2020-04-10 07,FuriousWarrenCar,1,Important Message
1338,2020-04-10 07,G27Craycraft,1,Important Message
1339,2020-04-10 07,GeorgeDog4,1,Important Message
1340,2020-04-10 07,Gloria55Palmer,1,Important Message
1341,2020-04-10 07,Grimes2009,1,Important Message
1342,2020-04-10 07,GuapoCBowl,1,Important Message
1343,2020-04-10 07,GuapoCouchRuben_Graham,1,Important Message
1344,2020-04-10 07,GuapoGilmanCar,1,Important Message
1345,2020-04-10 07,GuapoRBowl,1,Important Message
1346,2020-04-10 07,GuapoRBowl1982,1,Important Message
1347,2020-04-10 07,GuapoRenovaIcecream,1,Important Message
1348,2020-04-10 07,GuapoSummersBread1954,1,Important Message
1349,2020-04-10 07,GuapoVeneciaCouch,1,Important Message
1350,2020-04-10 07,HimarkGrocersAssc,1,Important Message
1351,2020-04-10 07,HoldsAvalosBird,1,Important Message
1352,2020-04-10 07,HoldsBowmanHorse,1,Important Message
1353,2020-04-10 07,HoldsFrisbeeWhale,1,Important Message
1354,2020-04-10 07,HoldsKareem_SanchezBear,1,Important Message
1355,2020-04-10 07,HoldsLaura_PrittsDog,1,Important Message
1356,2020-04-10 07,HoldsParsonFish,1,Important Message
1357,2020-04-10 07,ICYou,1,Important Message
1358,2020-04-10 07,IssacMouse1995,1,Important Message
1359,2020-04-10 07,J93Wronski,1,Important Message
1360,2020-04-10 07,Janet_Childs39,1,Important Message
1361,2020-04-10 07,JessicaFastOtt,1,Important Message
1362,2020-04-10 07,John_FreemanBird97,1,Important Message
1363,2020-04-10 07,Jonathan_BrownFish89,1,Important Message
1364,2020-04-10 07,Joseph2005Tant,1,Important Message
1365,2020-04-10 07,KFamousG,1,Important Message
1366,2020-04-10 07,Keith1988B,1,Important Message
1367,2020-04-10 07,Kenneth_WagnerBird39,1,Important Message
1368,2020-04-10 07,KevinAttentativeSmith,1,Important Message
1369,2020-04-10 07,Kevin_CallahanMouse21,1,Important Message
1370,2020-04-10 07,Lachelle1954,2,Important Message
1371,2020-04-10 07,LatoyaCandidS,1,Important Message
1372,2020-04-10 07,LazyACar48,1,Important Message
1373,2020-04-10 07,LazyBowlChilds,1,Important Message
1374,2020-04-10 07,LazyCarSchaffer,1,Important Message
1375,2020-04-10 07,LazyFIcecream,1,Important Message
1376,2020-04-10 07,LazyGambleCar1972,1,Important Message
1377,2020-04-10 07,LazyHouseAngela,1,Important Message
1378,2020-04-10 07,LazyIvyIcecream,1,Important Message
1379,2020-04-10 07,LazyJBread,1,Important Message
1380,2020-04-10 07,LazyTaylorPlate41,1,Important Message
1381,2020-04-10 07,Leslie_CruzDog87,1,Important Message
1382,2020-04-10 07,LovesAnnDog,1,Important Message
1383,2020-04-10 07,LovesAtkinsonHorse,1,Important Message
1384,2020-04-10 07,LovesBurksDog,1,Important Message
1385,2020-04-10 07,LovesElaineBird,1,Important Message
1386,2020-04-10 07,LovesMarcusCat,1,Important Message
1387,2020-04-10 07,Lyford54,2,Important Message
1388,2020-04-10 07,M34Gatewood,1,Important Message
1389,2020-04-10 07,Maria_Hanisch7,1,Important Message
1390,2020-04-10 07,MarianneAttentativeA,1,Important Message
1391,2020-04-10 07,Mark_WardDog3,1,Important Message
1392,2020-04-10 07,Matthew22M,1,Important Message
1393,2020-04-10 07,MilburnHorse1955,1,Important Message
1394,2020-04-10 07,MindyLevy,1,Important Message
1395,2020-04-10 07,Mrs.Tillenbottom,1,Important Message
1396,2020-04-10 07,MyrtleHorse60,1,Important Message
1397,2020-04-10 07,NoFearCher,2,Important Message
1398,2020-04-10 07,ObnoxiousABread33,1,Important Message
1399,2020-04-10 07,ObnoxiousAPlate,1,Important Message
1400,2020-04-10 07,ObnoxiousHouseMckenzie,1,Important Message
1401,2020-04-10 07,ObnoxiousMLight,1,Important Message
1402,2020-04-10 07,ObnoxiousSIcecream,1,Important Message
1403,2020-04-10 07,OldTownGirl,3,Important Message
1404,2020-04-10 07,Olivia,2,Important Message
1405,2020-04-10 07,Osborne44,1,Important Message
1406,2020-04-10 07,PaulFleetBurd,1,Important Message
1407,2020-04-10 07,PhilipSmartMoore,1,Important Message
1408,2020-04-10 07,Plante81,1,Important Message
1409,2020-04-10 07,R1989Whitworth,1,Important Message
1410,2020-04-10 07,RFamousFenstermacher,1,Important Message
1411,2020-04-10 07,RacesJoan_MurphyOctopus,1,Important Message
1412,2020-04-10 07,RacesLowell_KallasLion,1,Important Message
1413,2020-04-10 07,RacesMary_LingoDog,1,Important Message
1414,2020-04-10 07,RacesPamHorse,1,Important Message
1415,2020-04-10 07,RacesRosalesBird,1,Important Message
1416,2020-04-10 07,RaisaCleverFalls,1,Important Message
1417,2020-04-10 07,Rebecca_RomigFish2015,1,Important Message
1418,2020-04-10 07,Regina_ZeilerCat2,1,Important Message
1419,2020-04-10 07,RhyminSimonJBread,1,Important Message
1420,2020-04-10 07,Rivera1995,1,Important Message
1421,2020-04-10 07,RockyFlame,2,Important Message
1422,2020-04-10 07,RunningTree,3,Important Message
1423,2020-04-10 07,RunsFisherCat,1,Important Message
1424,2020-04-10 07,RunsFlor_AllenFish,1,Important Message
1425,2020-04-10 07,RunsJasonCat,1,Important Message
1426,2020-04-10 07,RunsKerry_CouchDog,1,Important Message
1427,2020-04-10 07,RunsKerry_HernandezCat,1,Important Message
1428,2020-04-10 07,RunsMarilynCat,1,Important Message
1429,2020-04-10 07,RunsMeyerOctopus,1,Important Message
1430,2020-04-10 07,Sarah_Cloutier20,1,Important Message
1431,2020-04-10 07,Sirena48,1,Important Message
1432,2020-04-10 07,SlimRodents2,1,Important Message
1433,2020-04-10 07,SmartJCandy,1,Important Message
1434,2020-04-10 07,SmartJCouch,1,Important Message
1435,2020-04-10 07,SmartJamesCar,1,Important Message
1436,2020-04-10 07,SmartMacleodCandy19,1,Important Message
1437,2020-04-10 07,SmartRHouse,1,Important Message
1438,2020-04-10 07,SmartRedmanHouse,1,Important Message
1439,2020-04-10 07,SmartSLight1990,1,Important Message
1440,2020-04-10 07,SmartWCar,1,Important Message
1441,2020-04-10 07,StHimarkMusicFest,1,Important Message
1442,2020-04-10 07,StaceyBird1980,1,Important Message
1443,2020-04-10 07,StevenDog12,1,Important Message
1444,2020-04-10 07,Sylvester_Rauf2015,1,Important Message
1445,2020-04-10 07,TFuriousP,2,Important Message
1446,2020-04-10 07,TSmartWard,1,Important Message
1447,2020-04-10 07,TallLongBread,1,Important Message
1448,2020-04-10 07,TallPCouch1979,1,Important Message
1449,2020-04-10 07,TallSwaffordCandy21,1,Important Message
1450,2020-04-10 07,TallWCandy,1,Important Message
1451,2020-04-10 07,Theresa_BranchOctopus1991,1,Important Message
1452,2020-04-10 07,VanessaCorwin,7,Important Message
1453,2020-04-10 07,VasquezFish82,1,Important Message
1454,2020-04-10 07,VivianFamousD,1,Important Message
1455,2020-04-10 07,WalkerTree,7,Important Message
1456,2020-04-10 07,Wallace1997,1,Important Message
1457,2020-04-10 07,WatchesAngela_RogerCat,1,Important Message
1458,2020-04-10 07,WatchesCarlisleOctopus,1,Important Message
1459,2020-04-10 07,WatchesTerrie_NolandDog,1,Important Message
1460,2020-04-10 07,Wesley_RodriguezLion1969,1,Important Message
1461,2020-04-10 07,White1991,1,Important Message
1462,2020-04-10 07,WileyJamesCouch,1,Important Message
1463,2020-04-10 07,WileyMclaughlinBowl61,1,Important Message
1464,2020-04-10 07,WileyPBanana,1,Important Message
1465,2020-04-10 07,WilliamCleverKrohn,1,Important Message
1466,2020-04-10 07,Zachary79Jones,1,Important Message
1467,2020-04-10 07,Zanes1955,1,Important Message
1468,2020-04-10 07,firefighter87,1,Important Message
1469,2020-04-10 07,ghosty,1,Important Message
1470,2020-04-10 07,kristen,3,Important Message
1471,2020-04-10 07,kyle,15,Important Message
1472,2020-04-10 07,localburger,1,Important Message
1473,2020-04-10 08,AlinaDog1974,1,Important Message
1474,2020-04-10 08,Alvin1988,1,Important Message
1475,2020-04-10 08,AttentativeCarJessica_Carpenter,1,Important Message
1476,2020-04-10 08,AttentativeDLight6,1,Important Message
1477,2020-04-10 08,AttentativeRIcecream55,1,Important Message
1478,2020-04-10 08,BillyHorse91,1,Important Message
1479,2020-04-10 08,Brenda97,1,Important Message
1480,2020-04-10 08,BusyCouchClyde,1,Important Message
1481,2020-04-10 08,BusyRuthCandy,1,Important Message
1482,2020-04-10 08,CandidBilboPlate1983,1,Important Message
1483,2020-04-10 08,CandidFBowl1992,1,Important Message
1484,2020-04-10 08,CandidRobertCandy,1,Important Message
1485,2020-04-10 08,Carlos_Gordon83,1,Important Message
1486,2020-04-10 08,Christopher_BogartBear26,1,Important Message
1487,2020-04-10 08,CleverTBanana,1,Important Message
1488,2020-04-10 08,CrosslandBird1986,1,Important Message
1489,2020-04-10 08,CuriousBananaHarper,1,Important Message
1490,2020-04-10 08,DFuriousS,1,Important Message
1491,2020-04-10 08,DarkHouseCavitt,1,Important Message
1492,2020-04-10 08,Eva1983S,1,Important Message
1493,2020-04-10 08,FamousKCandy,1,Important Message
1494,2020-04-10 08,FastCarolynBanana,1,Important Message
1495,2020-04-10 08,FearsRodgersMouse,1,Important Message
1496,2020-04-10 08,FuriousBurnhamBread2014,1,Important Message
1497,2020-04-10 08,GuapoJimmyIcecream,1,Important Message
1498,2020-04-10 08,HoldsJoshuaWhale,1,Important Message
1499,2020-04-10 08,Isaac_RamirezWhale1985,1,Important Message
1500,2020-04-10 08,James_White87,1,Important Message
1501,2020-04-10 08,JefferyTallSmith,1,Important Message
1502,2020-04-10 08,JohnBear1987,1,Important Message
1503,2020-04-10 08,JohnFish93,1,Important Message
1504,2020-04-10 08,LazyHouseAngela,1,Important Message
1505,2020-04-10 08,LazyNewtonBowl,1,Important Message
1506,2020-04-10 08,Maultsby79,1,Important Message
1507,2020-04-10 08,ObnoxiousGLight,1,Important Message
1508,2020-04-10 08,RobinsonBear1980,1,Important Message
1509,2020-04-10 08,RunsMeyerOctopus,1,Important Message
1510,2020-04-10 08,RunsWilliamFish,1,Important Message
1511,2020-04-10 08,SandraCat1979,1,Important Message
1512,2020-04-10 08,SmartBLight63,1,Important Message
1513,2020-04-10 08,SmartBreadRyan,1,Important Message
1514,2020-04-10 08,SmartLCouch1950,1,Important Message
1515,2020-04-10 08,SteveWhale1998,1,Important Message
1516,2020-04-10 08,WatchesChongDog,1,Important Message
1517,2020-04-10 08,WileyCandyTina_Coble,1,Important Message
1518,2020-04-10 08,WileyCarJaimes,1,Important Message
1519,2020-04-10 09,A98Chavarria,1,Important Message
1520,2020-04-10 09,AlwaysSafePowerCompany,2,Official Account
1521,2020-04-10 09,ArtistLalisaManoban,1,Important Message
1522,2020-04-10 09,AttentativeCouchMalcomb,1,Important Message
1523,2020-04-10 09,AttentativeJosephLight,2,Important Message
1524,2020-04-10 09,AttentativeMartinLight,1,Important Message
1525,2020-04-10 09,AttentativePBread32,1,Important Message
1526,2020-04-10 09,B2007Zavala,1,Important Message
1527,2020-04-10 09,BBGirl,1,Important Message
1528,2020-04-10 09,BoogieBunny,1,Important Message
1529,2020-04-10 09,BroadviewBoi,1,Important Message
1530,2020-04-10 09,BusyWCouch,1,Important Message
1531,2020-04-10 09,C1954Lafrance,1,Important Message
1532,2020-04-10 09,C2007Lyford,1,Important Message
1533,2020-04-10 09,CandidCLight1990,1,Important Message
1534,2020-04-10 09,CiloFlame,1,Important Message
1535,2020-04-10 09,CleverAIcecream,1,Important Message
1536,2020-04-10 09,CuriousCPlate,1,Important Message
1537,2020-04-10 09,CuriousLightBacklund,1,Important Message
1538,2020-04-10 09,CuriousLightJanice_Walling,1,Important Message
1539,2020-04-10 09,DareYouToPetTheCat,1,Important Message
1540,2020-04-10 09,DarkSIcecream,1,Important Message
1541,2020-04-10 09,DarleneCleverP,1,Important Message
1542,2020-04-10 09,David68F,1,Important Message
1543,2020-04-10 09,DerekNolan,7,Important Message
1544,2020-04-10 09,EllaChang,4,Important Message
1545,2020-04-10 09,EmielRegis,1,Important Message
1546,2020-04-10 09,FamousMIcecream,1,Important Message
1547,2020-04-10 09,FamousRCandy17,1,Important Message
1548,2020-04-10 09,FamousWrightCandy87,1,Important Message
1549,2020-04-10 09,FastCouchAmy_Romanowski,1,Important Message
1550,2020-04-10 09,FastHarlessBread49,1,Important Message
1551,2020-04-10 09,FastPBowl75,1,Important Message
1552,2020-04-10 09,FastPlateJames_Perez,1,Important Message
1553,2020-04-10 09,FearsGlazeMouse,1,Important Message
1554,2020-04-10 09,FearsGudrunLion,1,Important Message
1555,2020-04-10 09,FearsRichard_BarnesOctopus,1,Important Message
1556,2020-04-10 09,FinleyCat84,1,Important Message
1557,2020-04-10 09,FleetBreadAlma,1,Important Message
1558,2020-04-10 09,FleetBurchBanana,1,Important Message
1559,2020-04-10 09,FleetGibsonCar1970,1,Important Message
1560,2020-04-10 09,FleetGieseCar,1,Important Message
1561,2020-04-10 09,FrancineHiggins,5,Important Message
1562,2020-04-10 09,FuriousRLight,1,Important Message
1563,2020-04-10 09,FuriousTisdaleCandy,1,Important Message
1564,2020-04-10 09,GuapoRBowl1982,1,Important Message
1565,2020-04-10 09,HWileySoares,1,Important Message
1566,2020-04-10 09,HoldsLaura_MacdonaldCat,1,Important Message
1567,2020-04-10 09,HoldsLisa_AyalaHorse,1,Important Message
1568,2020-04-10 09,HoldsStuartLion,1,Important Message
1569,2020-04-10 09,ICYou,1,Important Message
1570,2020-04-10 09,James_DiffeyBird68,1,Important Message
1571,2020-04-10 09,LBusyFunkhouser,1,Important Message
1572,2020-04-10 09,Laura60Perkins,1,Important Message
1573,2020-04-10 09,LazyKBanana,1,Important Message
1574,2020-04-10 09,LovesLindaFish,1,Important Message
1575,2020-04-10 09,LovesRoyCat,1,Important Message
1576,2020-04-10 09,LydiaFastGarcia,1,Important Message
1577,2020-04-10 09,MaryCandidK,1,Important Message
1578,2020-04-10 09,Mrs.Tillenbottom,1,Important Message
1579,2020-04-10 09,MyNameIsYourName2,1,Important Message
1580,2020-04-10 09,NadineGuapoG,1,Important Message
1581,2020-04-10 09,NoFearCher,1,Important Message
1582,2020-04-10 09,ObnoxiousBCar,1,Important Message
1583,2020-04-10 09,ObnoxiousKellyCouch5,1,Important Message
1584,2020-04-10 09,ObnoxiousMelvilleCouch,1,Important Message
1585,2020-04-10 09,Olive_Pickens85,1,Important Message
1586,2020-04-10 09,Olivia,1,Important Message
1587,2020-04-10 09,RFastLopez,1,Important Message
1588,2020-04-10 09,RacesHeideBear,1,Important Message
1589,2020-04-10 09,RacesLorenaOctopus,1,Important Message
1590,2020-04-10 09,RacesRichardBird,1,Important Message
1591,2020-04-10 09,RacesSpenglerBear,1,Important Message
1592,2020-04-10 09,RasoHorse49,1,Important Message
1593,2020-04-10 09,Reba_ToliverDog1999,1,Important Message
1594,2020-04-10 09,Richard66,1,Important Message
1595,2020-04-10 09,Richard_WallaceHorse1979,1,Important Message
1596,2020-04-10 09,RockyFlame,2,Important Message
1597,2020-04-10 09,RoseWyatt,6,Important Message
1598,2020-04-10 09,RunningTree,3,Important Message
1599,2020-04-10 09,RunsGarciaLion,1,Important Message
1600,2020-04-10 09,RunsPatriciaOctopus,1,Important Message
1601,2020-04-10 09,RunsRonnie_MapstonWhale,1,Important Message
1602,2020-04-10 09,SmartLCouch1950,1,Important Message
1603,2020-04-10 09,SmartPlateGabriel_Cheeks,1,Important Message
1604,2020-04-10 09,SophiaSmartLaurie,1,Important Message
1605,2020-04-10 09,SusanFleetFagerstrom,1,Important Message
1606,2020-04-10 09,Suzanne_RockwellWhale12,1,Important Message
1607,2020-04-10 09,TLazyVoorhees,1,Important Message
1608,2020-04-10 09,TallMCouch,1,Important Message
1609,2020-04-10 09,TallWBanana16,1,Important Message
1610,2020-04-10 09,ThomasFamousKramer,1,Important Message
1611,2020-04-10 09,VanessaCorwin,3,Important Message
1612,2020-04-10 09,Wagner2017,1,Important Message
1613,2020-04-10 09,WalkerTree,4,Important Message
1614,2020-04-10 09,WatchesAnnette_BurkDog,1,Important Message
1615,2020-04-10 09,WatchesFidlerCat,1,Important Message
1616,2020-04-10 09,WatchesStevenLion,1,Important Message
1617,2020-04-10 09,Wesley_RodriguezLion1969,1,Important Message
1618,2020-04-10 09,WileyBowlThomas_Lightfoot,1,Important Message
1619,2020-04-10 09,WileyLLight,1,Important Message
1620,2020-04-10 09,WileyMatthewCouch,1,Important Message
1621,2020-04-10 09,William31Z,1,Important Message
1622,2020-04-10 09,You2,1,Important Message
1623,2020-04-10 09,kristen,3,Important Message
1624,2020-04-10 09,kyle,3,Important Message
1625,2020-04-10 09,wftrubble,1,Important Message
1626,2020-04-10 10,Barbara2018Frank,1,Important Message
1627,2020-04-10 10,FamousCCouch72,1,Important Message
1628,2020-04-10 10,FamousMildredCar,1,Important Message
1629,2020-04-10 10,FamousRhodesHouse2010,1,Important Message
1630,2020-04-10 10,FamousWatsonIcecream,1,Important Message
1631,2020-04-10 10,FearsAshleyBear,1,Important Message
1632,2020-04-10 10,FearsJohnsonOctopus,1,Important Message
1633,2020-04-10 10,GuapoBussmannBanana75,1,Important Message
1634,2020-04-10 10,JefferyTallSmith,1,Important Message
1635,2020-04-10 10,RunsFlor_AllenFish,1,Important Message
1636,2020-04-10 10,WileyNicksonBanana1956,1,Important Message
1637,2020-04-10 11,AlmaAttentativeS,1,Important Message
1638,2020-04-10 11,AlwaysSafePowerCompany,2,Official Account
1639,2020-04-10 11,AttentativeDCandy,1,Important Message
1640,2020-04-10 11,BBGirl,1,Important Message
1641,2020-04-10 11,BLazyJuarez,1,Important Message
1642,2020-04-10 11,BarryB,1,Important Message
1643,2020-04-10 11,Bonanza4Evr,1,Important Message
1644,2020-04-10 11,BusyBIcecream39,1,Important Message
1645,2020-04-10 11,BusyOrtegaIcecream,1,Important Message
1646,2020-04-10 11,BusyTrinkleinIcecream,1,Important Message
1647,2020-04-10 11,CandidBreadRosie,1,Important Message
1648,2020-04-10 11,CandidWidenLight1992,1,Important Message
1649,2020-04-10 11,Chappie,1,Important Message
1650,2020-04-10 11,CiloFlame,1,Important Message
1651,2020-04-10 11,CleverPIcecream,1,Important Message
1652,2020-04-10 11,DarkCHouse44,1,Important Message
1653,2020-04-10 11,DarkHeatherLight,1,Important Message
1654,2020-04-10 11,DarkIcecreamRonald,1,Important Message
1655,2020-04-10 11,DennisSmartW,1,Important Message
1656,2020-04-10 11,DerekNolan,7,Important Message
1657,2020-04-10 11,EllaChang,2,Important Message
1658,2020-04-10 11,FastCrumpBowl2000,1,Important Message
1659,2020-04-10 11,FearsCowerWhale,1,Important Message
1660,2020-04-10 11,FearsRobert_WynnLion,1,Important Message
1661,2020-04-10 11,FleetBBowl1990,1,Important Message
1662,2020-04-10 11,FleetHBread,1,Important Message
1663,2020-04-10 11,FrancineHiggins,3,Important Message
1664,2020-04-10 11,Gladys46,1,Important Message
1665,2020-04-10 11,GuapoTerryBowl,1,Important Message
1666,2020-04-10 11,HoldsBarbara_ConlinDog,1,Important Message
1667,2020-04-10 11,HopeSpringsEternal,1,Important Message
1668,2020-04-10 11,HurtsToPurr,2,Important Message
1669,2020-04-10 11,ICYou,1,Important Message
1670,2020-04-10 11,JFuriousM,1,Important Message
1671,2020-04-10 11,Jason1999,1,Important Message
1672,2020-04-10 11,JoseBusyM,1,Important Message
1673,2020-04-10 11,K1972Maynard,1,Important Message
1674,2020-04-10 11,LarryDog71,1,Important Message
1675,2020-04-10 11,LazyBreadMyrna,1,Important Message
1676,2020-04-10 11,LazyEBread,1,Important Message
1677,2020-04-10 11,NoFearCher,4,Important Message
1678,2020-04-10 11,OldTownGirl,1,Important Message
1679,2020-04-10 11,Olivia,1,Important Message
1680,2020-04-10 11,R79Briggs,1,Important Message
1681,2020-04-10 11,RoseWyatt,2,Important Message
1682,2020-04-10 11,RunningTree,1,Important Message
1683,2020-04-10 11,RunsWaltersDog,1,Important Message
1684,2020-04-10 11,S38Salano,1,Important Message
1685,2020-04-10 11,StaceyBird1980,1,Important Message
1686,2020-04-10 11,TCuriousJ,1,Important Message
1687,2020-04-10 11,TallDHouse,1,Important Message
1688,2020-04-10 11,VanessaCorwin,5,Important Message
1689,2020-04-10 11,WalkerTree,2,Important Message
1690,2020-04-10 11,WileyBorrorCouch,1,Important Message
1691,2020-04-10 11,WilliamCleverKrohn,1,Important Message
1692,2020-04-10 11,kristen,1,Important Message
1693,2020-04-10 11,kyle,3,Important Message
1694,2020-04-10 11,theaterlover34,1,Important Message
1695,2020-04-10 11,wftrubble,1,Important Message
